text,sentiment,score
"Hi, I'm Don Hahn, I'm the producer of Lion King.",neutral,0.504
"I'm Rob Minkoff, director of The Lion King.",positive,0.681
"And Roger Allers, director of Lion King.",neutral,0.5217
And we're here to perform the top 40 hits for you.,positive,0.5334
"No, we're here to comment for you on the making of The Lion King.",neutral,0.5942
"Kind of share some of our experiences with you, right here in your own living room.",neutral,0.7303
"The project started, actually, as King of the Jungle.",neutral,0.9057
"And the original concept was to do a picture in Africa about lions, but no one at the time knew what the story was gonna be.",neutral,0.6485
"Then it kind of evolved from there into being an original story, which is unique for us.",neutral,0.4991
Usually we do stories based on fairytales or novels or bits of literature.,neutral,0.8728
But Lion King was unique in that it was completely out of thin air.,positive,0.844
"Even though it was informed by a little bit of Hamlet, little bit of Old Testament Bible stories like Joseph or Moses, that kind of thing.",neutral,0.8851
"Originally, in the opening of the picture we were going to have a dialog scene to introduce the characters, to introduce baby Simba, introduce Rafiki as the shaman coming to bless the child.",neutral,0.7802
Right.,neutral,0.5665
"Actually, we had scenes of animals walking to Pride Rock.",neutral,0.6744
"And then we had Zazu talking about, ""Everybody, get in the line.",neutral,0.8025
"Get in the line."" There was so much chatter, and at that time also, Rafiki, no one knew who Rafiki was.",neutral,0.6531
"But when we heard Hans' version of how he Africanized Circle of Life, we all just went crazy.",neutral,0.5877
"In four minutes of music, Elton John and Tim Rice, God bless them, created this beautiful… What became an anthem for the movie that defined the spirit of the movie and the theme of the movie.",positive,0.9499
"In the shot where we rack focus from the ants in the foreground to the zebras in the background, that was the concept from the storyboard, where we were literally trying to do something that's very common in a live action picture but is very rarely seen or never seen in an animated picture, which is literally to use the focal length of the camera.",neutral,0.681
But in our case we have to replicate what that might look like under these circumstances where it's artificially done.,neutral,0.7786
And yet gives you that sort of sense that you're really looking at a real world.,neutral,0.7289
"The whole fly-in scene where you reveal the African savanna and you see Pride Rock for the first time, Pride Rock is kind of like the castle for the lions, is all done in one continuous shot.",neutral,0.7303
It's all done in one.,neutral,0.6413
You go from this vast overview of the savanna into a close-up of Mufasa without cutting.,neutral,0.8479
"Now, the great thing with this shot of Rafiki coming up, it gives you the feeling of sunlight filtering through the characters.",positive,0.9075
"And it's all the great CAPS magical tricks that you can do with special effects, animation and graphics.",positive,0.9192
Or the clouds which are actually a flat two-dimensional painting which is skewed by the computer.,neutral,0.5849
"""Skewing"" means it kind of stretches it out.",neutral,0.6973
"And always when we previewed the film, I remember going to the Pasadena theater for the first time where we previewed it, and little Simba turns around for the first time, -always was a surefire ""aw."" It's an ""aw shucks"" moment.",neutral,0.4674
"And the funny thing about Circle of Life, it's a great stand-alone piece because without giving anything about the movie away, it kind of gives you a sense of epic scale in Africa and all that stuff.",positive,0.9318
And it went out in November.,neutral,0.8191
Six months before the movie was released.,neutral,0.8528
"That's right, exactly, and the thing that we were all so worried about was that nobody would know what the title of this movie was, because they hadn't heard it before.",negative,0.6135
That was a big concern.,negative,0.5209
"""Do you think people are gonna go?"" Here's something that the folks in the theater probably would never care about.",negative,0.8799
But we really cared about trying to get all the clouds in the background to match speed.,neutral,0.7002
There are several different paintings of Pride Rock that we had to match from one to the next.,neutral,0.7672
"The cliff he stands on, because you get so close to it, was painted really large so that when you got close the detail was clear for the large movie screen.",neutral,0.6392
"But had to be shrunk down to fit onto Pride Rock, so all those things.",neutral,0.7721
How many levels do you think we had?,neutral,0.8534
How many background levels?,neutral,0.8233
Too numerous to mention at this point.,neutral,0.5392
Those are the sort of things people like to hear -but we don't remember them.,neutral,0.4939
Yeah.,neutral,0.5491
"That's one of the great things about the CAP system, which is our fancy computerized animation production system, where you can put together seemingly endless levels of animation and backgrounds, and clouds and effects and things, and sandwich them together without being limited by reality because it's all done in a digital universe.",positive,0.9416
"Right, it is the ultimate multi-plane camera.",positive,0.6829
Yeah.,neutral,0.5491
We're rarely limited by reality.,neutral,0.7264
"Well, yes, especially you guys.",positive,0.6209
Okay.,neutral,0.5844
Reality unlimited.,neutral,0.5343
"Ah, the mouse.",neutral,0.708
Great scene by Brian Ferguson.,positive,0.9179
"-I think it's interesting… No, he gave us… Sorry.",positive,0.5856
"I was just gonna say that it's interesting that the very first line of dialog you hear in the movie is, ""Life's not fair."" Yeah, 'cause there was no dialog in the opening song at all.",positive,0.4737
"You see, I… Well, I shall never be king.",negative,0.69
"So in that introductory scene, where we've got all the characters talking for the first time, we've got Scar, who was animated by Andreas Deja.",neutral,0.8896
"And Zazu, who was animated by Ellen Woodbury.",neutral,0.906
What's amazing about Ellen is I've never seen anybody get into a character as much as she would.,positive,0.956
She would flap around the studio and pretend she was a bird.,neutral,0.7715
She'd do all the research you could possibly imagine on a hornbill bird.,neutral,0.68
You'll lose more than that when the king gets through with you.,negative,0.5723
He's as mad as a hippo with a hernia.,negative,0.946
"And Jeremy Irons, what a guy he was, huh?",neutral,0.5005
Sure was.,neutral,0.4686
"It's funny, 'cause I think both Jeremy and Rowan Atkinson who plays Zazu here, they were really reluctant about lending their voices to an animated character, because a lot of who they are is their persona and their personality and their appearance.",neutral,0.6101
"And so we had to record a test and animate something so they could see how their characters started to come to life, and then they were seduced by it.",neutral,0.6123
"Actually, I heard an interesting story from Jeremy's agent, who said that they were having dinner together at Morton's restaurant, and a seven-year-old boy walks up to the agent and says, ""Is that Scar?"" And of course it was.",positive,0.6922
This is one of the biggest pieces of background artwork we have.,positive,0.9724
It's a huge 20-field pan.,neutral,0.7305
You'd never know.,neutral,0.5657
"It's interesting about art direction, things like lighting that you never notice or think of as an audience perhaps, but there's a real light direction in the mouth of the cave that comes in, and our effects animators put tone mattes on the characters so that there's a sense of light and dark on the character to create a light direction.",positive,0.6493
Contact shadows under the characters.,neutral,0.7739
Nice growl.,positive,0.7844
"That was always tough, trying to get the lion growl to sort of interface with James's dialog.",negative,0.5338
"Because I remember in some of the sessions, he would do these… ""Is that a challenge?"" Well, Mark Mangini, again, who did some of the growls for the Beast in Beauty and the Beast, had put together real tiger and animal growls with dialog in Beauty, and he used a little bit of that same technique here, where he could play a little animal growl underneath James Earl's voice and get a sense of animal.",neutral,0.8391
What am I going to do with him?,neutral,0.7879
He'd make a very handsome throw rug.,positive,0.9045
Zazu!,neutral,0.5847
"And just think, whenever he gets dirty, you could take him out and beat him.",negative,0.7338
"Now, the scenes coming up really were inspired by our trip to Africa.",positive,0.6412
"I mean, these are practically photographs that we brought back with us.",neutral,0.8279
I remember standing out in this field.,neutral,0.78
"I was standing in this field, watching the rain drifting across.",neutral,0.8503
It's a great place.,positive,0.9729
"Huge expanses where the weather can be so separate in different parts… Originally, this scene, the lightning scene -was done without this tree.",neutral,0.7822
That's right.,neutral,0.569
We had to add this tree when we came back to add Rafiki into the sequence.,neutral,0.9245
"We did a preview where Rafiki wasn't as present in the movie as we would like, and so we put him into this sequence at a later date.",neutral,0.71
And added the idea of the icon as well.,neutral,0.8483
"The Simba icon that he was drawing, which actually carries through thematically through the whole piece.",neutral,0.7641
Of course he does have… What was the thing about this?,neutral,0.8192
The pink?,neutral,0.7775
The pink chalk?,neutral,0.839
"Is it pink in his… Yeah, if you look, the color is different in the bowl than it is on what he paints on the thing.",neutral,0.8612
Another little mistake.,negative,0.7511
Dad!,positive,0.4869
Dad!,positive,0.4869
One thing we found out about lions really early is they just sleep all the time.,neutral,0.7993
And this is our sleeping lion scene.,neutral,0.8331
"They sleep together, too.",neutral,0.8753
Yeah.,neutral,0.5491
"It's interesting how they, in the king and queen's throne room we've got basically everyone else.",neutral,0.5779
It's a commune.,neutral,0.766
Because in nature it's usually one lion and many lionesses.,neutral,0.6867
"Or occasionally, brothers rule a pride, which is what this story is about.",neutral,0.8274
Right.,neutral,0.5665
Interesting.,positive,0.7793
You promised.,neutral,0.6586
"And Jonathan was really incredible, too.",positive,0.9598
We went through so many audition tapes of child actors to find Jonathan who had such a great natural ability to act and had such an interesting quirky voice.,positive,0.8767
"Yeah, he was terrific.",positive,0.9175
And he's also on the cover of Tiger Beat magazine.,neutral,0.7723
-I think that's important to note.,neutral,0.5796
Yeah.,neutral,0.5491
"Look, Simba.",neutral,0.7336
Everything the light touches is our kingdom.,positive,0.614
Wow.,positive,0.7094
"A king's time… This shot is amazing because it's a camera dolly around the character, which is very unconventional in animation.",positive,0.959
"And to do it, we actually started with kind of a computer framework to show how the camera might move around these characters.",neutral,0.885
"Yeah, we built a very simple model of Mufasa and Simba on the cliff and rotated around so that the animator would have an underpinning, an understructure to put his animation on.",neutral,0.864
"It was Chris Wahl, wasn't it?",neutral,0.8902
Yeah.,neutral,0.5491
"And Chris followed that computer guideline so you get, in that final scene, a feeling that the camera's actually moving around the characters, which is great.",positive,0.9189
It helps that sense of reality and mood and place.,neutral,0.5368
"That's the kind of thing we are trying to do throughout the whole picture, was take you into the image.",neutral,0.8056
"Yeah, have more of a sense of cinematography.",neutral,0.7108
Exactly.,neutral,0.5663
I always loved this shot.,positive,0.9614
"The idea of sound effects, you hear a little grass with the antelope running through, and you get the huge perspective of antelope in the foreground and then middle ground, and then they show up way in the distance towards the end of the shot.",neutral,0.827
"I was just gonna say not in an animation way, but just in terms of a scripting way, the idea of having Mufasa talk about that they eat other animals was really important to me.",positive,0.6526
I always thought this is a really great idea.,positive,0.9798
"I thought it would be great to ennoble the whole idea of the balance of life, the prey-predator and how it's all connected.",positive,0.7706
"Remember the joke we had at one point where he was saying, ""And we're all connected in the great circle of life."" And we had an antelope off in the distance.",neutral,0.5911
"""Isn't that right, Joe?"" ""Right you are, Mufasa."" ""Catch you later, Joe."" ""Not if I can help it."" Then he takes off in the distance.",neutral,0.7642
There was a song here at one time.,neutral,0.8902
There was a big… Oh.,neutral,0.7209
To Be King.,neutral,0.7433
"To Be King, which was Dad's day out.",neutral,0.7853
"In the storyboard, and in the original outline, it always said, ""Dad's day out."" And it was a male-bonding day between dad and son.",neutral,0.7421
But it just never quite fired up.,negative,0.7015
"You never believed Mufasa out there in the woods, singing and dancing.",neutral,0.5511
Here comes my favorite character in the film.,positive,0.9519
This little sweet groundhog who always in previews got the biggest laugh.,positive,0.888
"He was going to be a naked mole rat, but we couldn't get the thing to look right.",negative,0.6124
But we couldn't get the rights.,negative,0.5836
-He had a tough agent.,neutral,0.7606
It's true.,neutral,0.5889
"We would have lost our ""G"" rating.",negative,0.7817
But it's funny underground humor.,positive,0.7075
It is.,neutral,0.6055
-It's a throwback to World War II.,neutral,0.7719
Yeah.,neutral,0.5491
And Hogan's Heroes.,neutral,0.7846
"Yes, and this line.",neutral,0.6339
Setting up the hyenas.,neutral,0.7121
Remember?,neutral,0.7012
We had a different line there.,neutral,0.7712
"It was a transitional scene trying to not only set up the hyenas, but get you led back to Scar and what he's doing.",neutral,0.8934
Right.,neutral,0.5665
This was also one of the very earliest scenes done.,positive,0.5849
"That's the first scene, wasn't it, of Scar by Andreas?",neutral,0.916
Yeah.,neutral,0.5491
First scene animated.,neutral,0.8077
"There's a neat lighting thing going on here, too, because whenever you see young Simba, he's out in the sunlight and looking out over the vast Pride Lands.",positive,0.9072
"And then whenever you see Scar, he's under the overhang of the cliff, in the shadows, symbolically being the nasty one.",neutral,0.5705
Gary Trousdale storyboarded this scene.,neutral,0.8891
"It's funny because you never see the storyboard drawings, but it's always the point of departure for what the scene ultimately looks like.",neutral,0.5272
And so Gary's attitudes and the way this whole scene was boarded out started long before the animation.,neutral,0.5802
"That's Simba, who was animated by Mark Henn.",neutral,0.874
And Scar animated by Andreas Deja.,neutral,0.893
It's really great to see two great animators acting with each other.,positive,0.9895
This is one of the purest scenes where you can see that.,positive,0.9549
"Two great guys who know what they're doing, with great voices to work with, just acting like crazy.",positive,0.9561
"What's interesting is that Andreas was animating Scar in I., and Mark was animating Simba in Florida.",positive,0.7588
And all these things were zapping back and forth across the coast.,neutral,0.7859
And we recorded Jeremy in London.,neutral,0.8701
And Jonathan in Zimbabwe.,neutral,0.825
-No.,neutral,0.5275
That's not true.,negative,0.6974
In the design process we usually start with a conception of the character from the imagination.,neutral,0.8656
"And once we actually attach a voice to it and hire the actor and start recording that actor, then the lead animator of that character takes on that character and literally starts to work with it and define it and refocus it.",neutral,0.8576
And a lot of times they are so influenced by the look of the actor that it can't help but manifest itself in the final design.,neutral,0.6241
I love this shot where Simba is running down the hill past the lionesses basking in the dapple light.,positive,0.9711
"It seems simple, but I remember everybody trying to get the dapple light right because sunlight filtering through trees in animation ain't so easy.",neutral,0.5637
"So, getting the effects animators to work together with the art director and get that feeling, and they did a lovely job.",positive,0.9619
This all came from a pre-production sketch by Andy Gaskill.,neutral,0.8939
"He was just exploring different environments of where the lions would live, and he did this beautiful thing of the lions sleeping on a dappled ledge.",positive,0.7578
And we pretty much just lifted it right off and stuck it right in the film.,neutral,0.8037
We should talk about Niketa a little bit.,neutral,0.8839
We never mentioned her.,neutral,0.6502
-Niketa Calame.,neutral,0.661
Yes.,positive,0.461
Sweet little girl who came in and read along with every little girl in Hollywood to do the voice of Nala.,positive,0.5125
"And we ended up with Niketa, who was really natural.",positive,0.8407
I think that was her forte.,neutral,0.8042
She was just herself and brought so much edge and character to Nala.,positive,0.7385
It was great.,positive,0.9742
"It's actually interesting… I was gonna say that it's interesting because one of the issues we had to deal with in this film was it was taking place in Africa, and although it was animated, how are we gonna cast the characters in terms of their ethnic background?",positive,0.8155
"So, we had James Earl Jones, who's obviously African-American, and we have him with a son who is Matthew Broderick, who is obviously not African-American.",negative,0.4845
"And yet we have Niketa Calame who is African-American, growing up to be Moira Kelly who is not.",neutral,0.5706
"So, we had this big jumble and big mix-up of characters and things.",neutral,0.5211
And what was interesting about this film is that we could really literally be color blind as far as it not mattering at all.,positive,0.7661
"It was really about who the character was, who the performer was and what they brought to the character.",neutral,0.8808
It's almost a nice commentary on how everyone's voice blended together to create this piece of theater.,positive,0.8788
"Also we have Jonathan Taylor Thomas as the voice actor for Simba, and when we go into the song he becomes Jason Weaver.",neutral,0.8765
Right.,neutral,0.5665
"Yeah, who played Michael Jackson.",neutral,0.8116
"The other thing going into Can't Wait to Be King, it was one of the first songs that came in.",neutral,0.7685
And it was meant to be kind of a peppy upbeat kids' point of view of Africa.,positive,0.528
But the challenge was always to try to reflect that in the art direction.,neutral,0.7817
And our production designer Chris Sanders took that challenge on and created a look for this song that was pretty unique to the rest of the film.,positive,0.8457
"Right, it was supposed to be really literally from Simba's point of view, so the idea was to evoke brighter colors and bolder patterns and shapes so that it would feel more childlike.",positive,0.5041
"And interestingly, because we knew we had this departure to make, in terms of going from reality to fantasy, we decided to bring the audience there by a very, very abrupt change so that they would be aware, literally, of the change of tempo and tone and idea.",neutral,0.7327
"The idea during the kind of the trees going by is you got Simba and Nala chasing in one direction, and you have all these palm trees panning by in the other direction.",neutral,0.8643
And the idea was to try to make them strobe by and subconsciously do this little hula thing.,neutral,0.851
Like a zoetrope.,neutral,0.673
"Yeah, Zazu and the rhino butt, a guaranteed laugh.",positive,0.6905
"The log in the river, actually they gave us a little template.",neutral,0.8431
"CGI worked out a little template for the log in the river, again to help us move the characters through a moving camera point of view.",neutral,0.8274
"I love that transition between the ripples in the water into zebra stripes, too, those kinds of things that you can do in a song and maybe not get by with at other places.",positive,0.9431
"One of the problems, too, is if we had taken the animals from The Circle of Life and started having them dance around on their hind feet… Singing and dancing.",negative,0.6314
…it would look really terrible.,negative,0.9204
So we had to go more stylized to allow the animals more free reign to be silly and comic.,neutral,0.6355
"Chris really used African artwork and textiles and patterns and fabrics, and was really inspired by those shapes to put into Can't Wait to Be King.",positive,0.792
The end of this song was storyboarded in a whole different way at one point.,neutral,0.8045
Where were we before?,neutral,0.8523
How did this thing end?,neutral,0.5489
Simba and Nala ran away off in the hills and we saw them from a distance finishing up the song.,neutral,0.8395
"Not much of a punchy ending, so to go really all out, Busby Berkeley, we wanted to put them in the middle of it.",neutral,0.6525
And it turned out to be a laugh riot.,positive,0.7373
The ending shot of this song is really interesting 'cause you basically have a hornbill trapped under a rhino's butt.,positive,0.9283
And you would think maybe there's something funny about this.,positive,0.5106
And we had a recording session with Rowan Atkinson.,neutral,0.9095
The poor guy.,negative,0.8599
"And we gave him 17, no less than 17 different things to say under a rhino's butt.",neutral,0.5632
"Things like, ""Haven't we met before?"" Or, ""I'll never tango again."" All right!",neutral,0.5602
It worked!,positive,0.9049
We lost him.,negative,0.6035
I am a genius.,positive,0.8216
"Hey, genius, it was my idea.",positive,0.6854
"This was setting up a very important point for our movie later on, which is that Nala is gonna pin Simba later on.",positive,0.688
And he has to recognize her.,neutral,0.8068
"Yes, he has to recognize her.",neutral,0.6635
So we thought she should do something physically that he would remember.,neutral,0.8633
So that was what we ended up on.,neutral,0.7829
The Nala flip.,neutral,0.8332
The Nala flip.,neutral,0.8332
"Notice how the art direction changed, too.",neutral,0.8572
"It was kind of bright sunny day above, and once they roll down the cliff, it's all elephant graveyard, moody and mysterious.",neutral,0.532
"You see all that dust moving in the foreground, which is actually done by a computer program.",neutral,0.6072
"There's a brilliant man who worked on our movie named Randy Fullmer, who kind of corralled all this.",positive,0.9327
"His job is artistic coordinator, and he along with Ann Tucker in our scene planning department came up with this idea of turbulence, which you see here in the mist and moving through the elephant graveyard.",neutral,0.783
"Scott Santoro was the head of our special effects department, and normally with special effects you think of rocket ships and laser guns and big explosions, which is absolutely true.",positive,0.5082
But also in animation you have the kind of side of it that's lighting and shadow and subtlety.,neutral,0.8425
"And in almost every shot in Lion King, there's some form of special effect, so in a sequence like this which seems fairly simple, it's loaded with shadows and tone mattes and lighting effects that make the character really feel like it's in its environment.",positive,0.5288
"What tone mattes are, are the shadowed areas on the characters that define the character as a three-dimensional form.",neutral,0.8742
Especially in this film where we had lions who were all one color.,neutral,0.8293
"If we had not had the tone mattes which gave the internal shadows on their bodies, they would have come out looking so flat.",negative,0.6732
"Yellow-gold-orange, yellow-yellow, yellow-brown, yellow-orange.",neutral,0.7813
Yeah.,neutral,0.5491
So our effects department pretty much drew shadows on all these characters throughout the whole movie.,neutral,0.8155
"Not a fun task, but, boy, it really made everybody become very three-dimensional.",negative,0.4588
"You can also see in terms of like what the CAP system does, when Zazu's bill goes from yellow to orange, there's a blend happening between those two colors which was something that we're able to do with a computer.",neutral,0.8271
That you couldn't have done five years ago.,neutral,0.5284
"If this were Fantasia back in the '40s, you would have airbrushed all that, and it would have crawled around and been very fragile.",neutral,0.5004
Now you can get a lovely blended look.,positive,0.9188
This is great.,positive,0.9817
"I remember one day we were working on the movie, trying to figure out who to cast for several of the parts, and Peter Schneider walks in and goes, ""Whoopi Goldberg wants to be in your movie."" We hadn't cast the hyenas, in fact, we had read auditions for the hyenas, including Nathan Lane and Ernie Sabella, who came in to audition for the hyenas, and ultimately were cast as Pumbaa and Timon.",neutral,0.7876
We hadn't quite landed on who would play these characters.,neutral,0.7901
Gary Trousdale had come up with a Cheech and Chong idea.,neutral,0.798
"But we found out that they wouldn't work together anymore, -so we… We kept Cheech.",negative,0.5576
-Ended up with Cheech and Whoopi.,neutral,0.8448
There you go.,neutral,0.5283
"And Ed, who was loosely based on Ed McMahon and Harpo Marx, all mixed together, who could just laugh at their jokes.",neutral,0.6784
"And he was played by Jim Cummings, who we had the most amazing recording session with, 'cause he came in for four hours and basically laughed.",positive,0.978
Every kind of laugh.,positive,0.543
"""Laugh apprehensively."" ""Laugh like Ricky Ricardo."" ""Laugh like Lucy."" As the chase starts, the art direction heats up again, so you really get a lot of reds and stuff on the screen.",neutral,0.6235
That's the great thing about animation is you can light and do whatever you want to so that the art direction can support what's going on emotionally on the screen.,positive,0.9234
"This was funny, pounding on Jonathan's back, so he could do the uh-uh-uh-uh Going down the spinal cord.",neutral,0.5327
"These got to be really complex scenes in here 'cause you had six characters on the screen, on and off, and their shadows and tone mattes.",neutral,0.7398
"This is a great shot, as the cubs round the corner and go past all those foreground cliffs and reveal this big elephant carcass, for lack of a better word.",positive,0.8528
And it's got a little skin on it and they crawl up to the top.,neutral,0.7903
There's a little color pop here.,neutral,0.6547
It's not much to look at.,neutral,0.4975
We couldn't fix it because we ran out of time.,negative,0.8173
Yeah.,neutral,0.5491
-Who did those growls for Simba?,neutral,0.849
That was Jonathan.,neutral,0.778
I remember we experimented with real animal growls and young cubs sound like kittens almost.,neutral,0.6391
"This is like a grizzly bear, mixed with a tiger, mixed with a F-16 fly by.",neutral,0.607
One of the big challenges of doing The Lion King was the fact that it was an all-animal story as opposed to many of the other pictures we've done recently which were primarily human based.,negative,0.464
So the entire staff of animators had to learn how to do four-legged animals.,neutral,0.631
"They went to the zoo, they went to Africa.",neutral,0.778
They really lived with these animals.,negative,0.8094
"We had Jim Fowler, who you remember from the old Wild Kingdom show, came into the studio with… ""That's Jim wrestling the anaconda ""while I'm sitting here in the tent."" ""We'll be right back."" Jim came in one day and brought seven lions and lionesses in.",neutral,0.8435
"Cubs, females, males.",neutral,0.8227
Beautiful creatures.,positive,0.9178
And you really get a sense for what their power is and majesty and the feeling of those creatures when you're about three feet away from them with nothing between you but a piece of paper and a pencil.,neutral,0.6423
There was lots of research done.,positive,0.5115
We studied films.,neutral,0.7935
"We went to Africa, watched them in the wild, brought back photographs.",neutral,0.8035
We ate a whole caribou one night.,neutral,0.7484
That was good.,positive,0.9771
I remember that.,neutral,0.7001
"When we showed the film in Japan for the first time, we got absolutely no response.",negative,0.6611
"I mean, no laughter to any of the jokes up until this joke when Zazu says, ""Good luck."" And it gets a huge laugh.",positive,0.8384
It brought down the house.,negative,0.7709
"We all asked afterwards why it happened, and apparently it's a cultural thing.",neutral,0.6529
"When you get in trouble in Japan and you go off to be reprimanded, people will tell you, ""Good luck."" Simba!",neutral,0.5024
An important symbol in the film is when Simba puts his foot in the footprint.,positive,0.5315
"It tells you about the whole film, that someday we'll have to fill our fathers' footsteps.",neutral,0.7848
-It's a visual metaphor.,neutral,0.7661
It is.,neutral,0.6055
The audience related to this scene perhaps more than any other because we've all been in Simba's position here.,positive,0.7339
"Actually, here's an interesting one is that we really were trying to actually do a sunset during the whole course of this sequence so that every single background had to transition from this pink sunset setting to a starry night.",positive,0.8334
Do you know how we did it actually?,neutral,0.863
"For a lot of it, it was just two backgrounds.",neutral,0.7799
A dark one and a light one.,neutral,0.827
And then you just added… We would literally transition pinkness or blueness to it.,neutral,0.7684
It was a percentage.,neutral,0.734
We would have it mostly on the pink and then we would increase the percentage on the starry night as we decreased on the pink sky.,neutral,0.8929
"It's also the point in the movie where we start to introduce the star metaphor, which then became very important later in the film.",positive,0.6257
"Yes, that was actually an invention of Jim Capobianco.",neutral,0.7105
Yeah.,neutral,0.5491
It was nice.,positive,0.9653
"There needed to be a way to express the idea of forefathers, generations gone by, in a way that was somewhat spiritual and had a link somehow to the generations gone by.",neutral,0.869
And the stars became that metaphor.,neutral,0.7821
And of course this piece of scoring was not the original piece.,negative,0.5793
"Yeah, Hans had written a piece of score for this whole area.",neutral,0.8892
"-It was quite lovely, but… We changed it.",positive,0.7351
We changed it.,neutral,0.7219
We used it in another place.,neutral,0.8227
You're talking about the theme where we used it for his ascension to Pride Rock.,neutral,0.8807
Yeah.,neutral,0.5491
That's where we slipped it.,neutral,0.5995
"Now, if you look at the stars closely, they form the constellation Leo.",neutral,0.7063
Is that true?,neutral,0.8422
It is true.,neutral,0.521
Yeah.,neutral,0.5491
Yes.,positive,0.461
"if any of you listening are astronomers, you can please call us.",neutral,0.8732
Although you're not supposed to be able to see the constellation Leo -from East Africa.,neutral,0.5651
From the Equator?,neutral,0.8556
Apparently.,neutral,0.5158
Really?,neutral,0.6008
That's what somebody told me.,neutral,0.783
I bet you could.,neutral,0.5136
-Anyway.,neutral,0.656
I'm no astronomer.,neutral,0.5638
"Man, that lousy Mufasa.",negative,0.8866
I won't be able to sit for a week.,negative,0.8721
"It's not funny, Ed.",negative,0.9181
Jim Cummings' laugh.,neutral,0.6948
"Jim Cummings' laugh, a little more turbulence mist coming up from the… But no tone mattes because we had to cut back.",neutral,0.7483
That's right.,neutral,0.569
We ran out of money.,negative,0.6762
"No, there were places throughout the movie where you have to cut back.",neutral,0.8021
And so you have to pick those moments where it's not going to conflict.,neutral,0.7573
"But interestingly we used that shadowing process so that at the bottoms of the characters, it falls off into shadow, so it does give it a dimensional effect.",neutral,0.7861
"One of the things I think Andy Gaskill wanted to do with this sequence was make it kind of a geothermically unstable place, so you get really theatrical curtains of steam rising up from cracks in the Earth.",neutral,0.7488
"And because, as you know, when we were making this film we went through the Northridge earthquake.",neutral,0.8365
"The big Northridge earthquake, which is incorporated into this song.",neutral,0.8495
"We survived floods, fires, a riot.",neutral,0.5573
A plague of locusts.,negative,0.6691
"And commissary food, all during the making of this film.",neutral,0.8785
"Now, you, Scar, I mean, you're one of us.",neutral,0.8014
"I mean, you're our pal.",neutral,0.7229
Here comes a meat gag.,neutral,0.5166
"Yes, very controversial meat gag.",negative,0.5325
We weren't sure whether we could actually show meat on screen.,neutral,0.495
Can you show meat?,neutral,0.7779
Can you show zebra meat on screen?,neutral,0.7226
"We decided that if it was striped… It was funny, then.",positive,0.5311
Somehow it was funny.,positive,0.8006
Although it had to look like a ham.,neutral,0.7583
Like a cartoon ham.,neutral,0.7156
-It's the Tom and Jerry cartoon ham.,neutral,0.7472
"Yeah, it's kind of a Tex Avery ham.",neutral,0.8494
"And here they're like eating neck ties, so you don't really feel like they are eating meat.",negative,0.648
"See, there goes a necktie.",neutral,0.6263
And the meat used to be pinker.,neutral,0.736
-We grayed it down.,neutral,0.7301
We had to gray it down.,neutral,0.6545
Which of course made it look rancid.,negative,0.8439
Like rotten meat.,negative,0.7461
Which was even worse.,negative,0.9415
Which was much more appealing and PC.,positive,0.7162
Be Prepared is the big villain song.,neutral,0.6794
"And Jeremy Irons, boy, he went through lots of rehearsal, and an eight-hour session at a studio one day to come up with the vocals for this song.",neutral,0.7305
-He did great.,positive,0.9417
He did great.,positive,0.9662
"But by the end of the day, he had blown out his voice.",negative,0.6543
"Most people don't think of Jeremy Irons as a singer, but he was.",neutral,0.646
"He, early in his career, played John the Baptist in Godspell, in the West End in London.",neutral,0.9258
So he really did start out as a singer and performs well in this one.,positive,0.8356
"When this song came in from Elton and Tim, it was called Thanks to Me.",neutral,0.7943
"And the lyrics were, ""Thanks to me it's goodbye Mufasa.",neutral,0.6321
"""Thanks to me little Simba's gone bad,"" or something like that.",neutral,0.5498
"""Little Simba needs prayers."" Needs prayers, yeah, and it was great, but as the story evolved, we wanted the notion that Scar was plotting behind… It was actually in a different place.",neutral,0.5494
Right.,neutral,0.5665
"Originally, it was much longer after the hyenas were waiting to take over, and Scar was putting them off.",neutral,0.8038
It was also after Mufasa was killed.,neutral,0.6874
"Right, it was long after Mufasa was killed, and we were feeling like, ""What?",neutral,0.5605
"It's so late."" It makes much more sense to have a plotting song and really get the juices going for this takeover, -so we moved it up earlier.",neutral,0.5817
The melody stuck.,negative,0.5149
This is a track that Hans Zimmer did in a weekend.,neutral,0.8716
"""We left his studio on a Friday night and said, ""Hans, give us a kind of ""fun, sinister, Cirque Du Soleil thing."" In fact, I don't think we even said that.",neutral,0.5247
I think we just left him alone.,neutral,0.6916
"And he came back with, basically, what you hear today.",neutral,0.8378
Carnival in hell was one of our… Carnival in hell was the brief..,neutral,0.5431
"He came back on Monday morning and played this for us, and we were pretty amazed.",positive,0.9713
"And then one of our great storyboard artists, Jorgen Klubien, took the material, and he and Andy Gaskill, our art director, were inspired by Leni Riefenstahl.",positive,0.7687
Kind of fascist documentary stuff.,negative,0.779
And thought maybe we could layer the idea of Scar as the fascist dictator on this whole dynamic of the movie here.,neutral,0.7048
"Well, the idea is when we introduced the yellow lights, was to give you the colors of, like, an old news reel.",neutral,0.8571
So that we colored everything in kind of these old browny yellows.,neutral,0.7687
"Like dirty old yellows and black, like an old news reel.",neutral,0.4856
Especially for mud.,neutral,0.6823
"This scene, in the director's cut, we should replace this.",neutral,0.6357
"Yeah, a lot of debate about this scene in previews, whether it was appropriate, and how much we would lean in the direction of this kind of fascist, fascism-on-parade kind of thing.",negative,0.6767
"And here it kind of turns into that bacchanal in hell, carnival, Mardi Gras in a graveyard feeling.",negative,0.5385
And the earthquake.,neutral,0.663
"This was based on Rob's backyard during the earthquake, actually.",neutral,0.8954
"It's funny, on the early demos of this song, both Rob and Roger and I, all of us sing.",positive,0.8187
"And so for a long time when we were workshopping and trying to get through these songs, -we were the hyenas.",neutral,0.8425
That's right.,neutral,0.569
-Tim Rice sang Scar's part.,neutral,0.9017
Beautifully.,positive,0.8391
And the three of us were the hyenas.,neutral,0.8214
That's right.,neutral,0.569
"In fact, I think we've survived as hyenas.",positive,0.5201
There's some of our laughing.,neutral,0.6262
Some of our laughing is still on the soundtrack.,positive,0.6946
And this is all samples.,neutral,0.6526
"Hans Zimmer sitting at the keyboard in his studio with sample sounds, playing this whole thing.",neutral,0.8653
This shot.,neutral,0.692
Those moving shadows over the cliffs.,neutral,0.7876
Cloud shadows moving across the Serengeti.,neutral,0.8664
This is another Mark Henn and Andreas Deja scene.,neutral,0.8004
"Mark animating Simba, and Andreas animating Scar.",neutral,0.9076
And it just shows you what you can do with a great vocal performance.,positive,0.9138
"And no props, these characters have no props.",negative,0.615
"They can't hold things in their hands, they're standing on their hands.",negative,0.5919
They have no opposable thumb.,negative,0.6925
"The other thing, I think, that's interesting to note is some of the very long scenes.",positive,0.8911
"What we tried to do is stay on the characters and stay on a shot, rather than over-cutting things to really give you a chance to be with the characters, to let them perform and get across what they were doing.",neutral,0.7403
"Another tip of the hat to Jeremy Irons, I think.",neutral,0.6826
"In a recording session, he would give us 10 and 15 and 20 takes on a different color of the line every time.",neutral,0.8933
"And then our editor, Tom Finan, would work with the directors and put a performance together that sounded very cohesive.",positive,0.7704
But Jeremy was terrific.,positive,0.8216
"Hey, Uncle Scar, will I like this surprise?",positive,0.7242
"Simba, it's to die for.",negative,0.6876
"Actually, the thing we're really trying to do in this sequence is, we've got several storylines going on, we have to set different things up.",neutral,0.8237
"And it was important to actually keep the thread moving throughout each, so that, again, you were carried through sort of in a seamless way.",neutral,0.5003
"And this leads us into probably the centerpiece of the movie, certainly the turning point of the movie, the wildebeest stampede, which was originally storyboarded by Thom Enriquez, in a career-long move.",positive,0.5225
"Thom took probably a year and a half, almost his whole career on the movie, to do the stampede, and then we turned it over to the CG department, the computer graphics department, with their animators and technical directors, and they were the ones responsible for bringing the wildebeest stampede to life on the screen.",neutral,0.7328
"In this movie, they did the wildebeests, they did the turning Pride Rock, and they also did the water from Can't Wait to Be King.",neutral,0.7411
"It's the same kind of effects you would see in the ballroom of Beauty and the Beast or the flying carpet in Aladdin, that kind of unique character situation that can only be handled with the help of a computer.",neutral,0.5929
"Scott Johnston was our CGI supervisor, and he wrangled this whole thing, and it really was a project that took the full three years of production for what amounts to about six or seven minutes on the screen.",neutral,0.4983
What's really amazing is that all of those beasts are really based on a singular run cycle that was created by the CGI department.,positive,0.933
"Then they added on different behaviors like bucks -and kicks, and different things.",neutral,0.7757
Head shakes.,negative,0.4972
Changing leads.,neutral,0.7468
"Yeah, but the program that they invented was something called an avoidance program where they would send the wildebeest, literally moving towards each other, but they would always turn away at the last minute.",neutral,0.6305
So they really replicated what a real stampede would do.,neutral,0.629
"Which is, you've got thousands of beasts running, and they're going to constantly try to avoid each other, so you're getting a complete sense of what it would look like.",neutral,0.554
It's interesting because the reason they did that is because the computer does not recognize what is three-dimensional objects.,neutral,0.4974
The computer would have the actual beast crossing in and out of each other like ghosts if they didn't do this.,neutral,0.6635
"So, in order to have them not occupy the same space, they did that program, which again, underlines the natural behavior of these beasts.",neutral,0.6168
It's odd.,negative,0.4979
It's the first time for us we really tackled flesh and blood characters being animated by the computer.,neutral,0.5245
And the reason the computer graphics guys did it this way is it would be impossible to actually sit down and draw tens of thousands of wildebeest storming through a gorge.,negative,0.4818
"And for Jonathan Taylor Thomas, when we were doing all of this, him falling this way and that way, we actually had to pick him up and fling him around the recording studio so we could get These screams and yells out of him.",neutral,0.7264
"That was the very first scene that was put in color, Zazu hitting the wall.",neutral,0.8356
"That's a really interesting little scene, it just goes by so fast, but the camera dollies from left to right on the sea of wildebeests.",positive,0.9499
"And it goes by really fast, but it's actually a very sophisticated scene because what you're seeing is the entire herd is running at you and changing perspective as the camera dollies to follow Mufasa, as Mufasa doubles back to save Simba.",neutral,0.6388
"Again, that's something that would be very simple to do in live action, but in animation you really have to go out of your way to replicate it.",neutral,0.5696
"The combination of the computer-generated wildebeest, and the hand-drawn animation, all the Simba, Mufasa and Scar artwork, of course, would have been drawn by hand.",neutral,0.823
"And then the effects animators putting in shadows, the turbulence dust on top of it, put together with a hand-painted background, created a pretty amazing effect.",positive,0.8958
"And then Hans Zimmer wrote a piece of score for here that was… I remember the night we went over to his studio and heard it for the first time, it was probably one of the most powerful pieces of music -I had ever experienced.",positive,0.9568
Yeah.,neutral,0.5491
"Musically here, Hans went to South Africa and London, and a lot of the voices you're hearing on the track here are a combination of London choral group singing with the South African singers, to give you a really panicked kind of soundtrack.",neutral,0.7787
"This was a big debate here, trying to figure out how Simba should or shouldn't see the death of his father, -to try to sidetrack Simba enough.",neutral,0.7085
"That's why we had him climbing the cliffs so there was rocks, so he didn't see it during all of this.",neutral,0.7025
It was crucially… These scenes coming up here.,neutral,0.8646
-…important that he not see it.,neutral,0.666
Right.,neutral,0.5665
'Cause then the guilt trip wouldn't work.,negative,0.7116
"And this scene, which we decided was one of our longer scenes, we decided we really wanted to hold on this shot and allow Simba to move through this whole sense of three-dimensional space to really believe in.",neutral,0.6411
"That's really the way you convey space in animation is, you have to allow the character to move within the three dimensions that exist.",neutral,0.7619
"Scene coming up, where Simba confronts the body of his father.",neutral,0.8694
We spent a lot of time in story and previewing and discussion.,neutral,0.6543
And we animated several versions of it.,neutral,0.8074
"Mark Henn went through anguish trying to get this to be the right mixture of pathos and emotion, to make this moment work.",neutral,0.6348
"It's a tribute to all the craftsmen coming together, 'cause you have the staging that the layout people did so beautifully, and certainly the direction that makes it a very poignant moment.",positive,0.9561
And Jonathan's acting in this part.,neutral,0.8842
"For a while we thought, ""Should we try real animal sounds?"" Oh, God, that's right.",neutral,0.4931
We recorded the whimperings of lion cubs.,neutral,0.8429
"'Cause we thought, ""That will be really sad."" You know how you feel when there's an animal… And the whimperings of Frank Welker.",negative,0.5116
"Frank Welker is a very talented voice artist in town, and came in and whimpered for a half hour.",positive,0.8854
"We thought, this is going to be really sad, and we cut it in and it wasn't.",negative,0.6012
It was weird.,negative,0.6647
"Because even though these are lions, it's a very human story.",positive,0.5484
"And then Rob came in one day, he saw a Rescue 911 or something, I remember, and you were talking about the woman whose daughter fell into a swimming pool or something, and was running around going, ""Help, please, somebody help me!"" And that kind of panicked attitude you have when you don't know where to turn, and you're just shouting for help, but there maybe isn't any help, and that kind of spawned the idea of Simba running around.",negative,0.505
"He knows it's hopeless, but he's still looking for maybe that last chance that his father could be alive.",neutral,0.6224
"It's one of the most sensitive issues in the film is, literally, dealing with the death.",neutral,0.5777
"Whether or not to deal with it off screen, which is a choice they made in Bambi.",neutral,0.838
"And we decided to go purposefully the opposite direction, for the specific reason to allow Simba to confront the issue of death in a very real, personal and immediate way.",neutral,0.7579
Especially because this is going to be his issue that he has to deal with for the rest of the picture.,neutral,0.6038
The whole idea of Simba's guilt materialized a little later in the game.,neutral,0.7574
-It wasn't an original notion.,neutral,0.6461
No.,neutral,0.4936
That Scar would actually wind Simba up to make Simba believe that his father's death was actually somehow his fault.,neutral,0.612
"But as the story developed, that became pretty central.",neutral,0.517
"It was really necessary because we always had a problem with, ""Why doesn't Simba go back home?"" When he ran away, and was gone for a while, we were always up against the problem of what motivates him to stay away?",neutral,0.5089
"Simba's just having a bad day, you know.",negative,0.7699
If it's not one thing it's another.,neutral,0.6266
It's also interesting to think how these stories track in terms of time.,positive,0.7622
-Because it's very condensed.,neutral,0.702
Yeah.,neutral,0.5491
This is all two days.,neutral,0.8097
The beginning of this movie takes place in two days.,neutral,0.8985
"This is interesting, this whole area of the movie was actually animated -flopped or reversed.",positive,0.6738
From right to left.,neutral,0.8184
Simba was escaping from the right to the left.,neutral,0.8384
"And then as the movie was up on reels, pretty deep in the process, ""the guys looked at each other one day and said, ""You know, ""we've established the Pumbaa and Timon jungle"" ""is always off on screen right."" ""But here Simba's escaping to the left."" So this whole chunk was flopped.",neutral,0.5312
-All this.,neutral,0.6846
But actually it really isn't.,neutral,0.4849
I think it was completely unnecessary.,negative,0.9531
"In fact, now that I think about it, I think -we should go back the other way.",neutral,0.7543
"Well, okay.",neutral,0.5967
Whoopi's so interesting.,positive,0.9517
"We recorded her separately from Cheech, and the one time we got them together, they were great together, but most of the time we record them separately, yet it still sounds like they're in the same room together.",positive,0.6231
-I don't know how that works.,negative,0.812
Yeah.,neutral,0.5491
I think that's actually something people aren't aware of as much is that we do almost all the actors separately.,neutral,0.5475
And we have to basically bring it all together in the editing room.,neutral,0.8776
"Now we see Simba clearly escaping to screen right, where later we'll find Pumbaa and Timon.",neutral,0.8947
But are they on the right?,neutral,0.8372
There was a song here once.,neutral,0.8643
Yes.,positive,0.461
It was a reprise of Be Prepared.,neutral,0.8989
"Which we do use musically, don't we?",neutral,0.8591
"No, we don't use it even.",negative,0.571
Not at all?,neutral,0.5494
No.,neutral,0.4936
"There was once imagined a reprise of Scar's song Be Prepared here, as Scar ushers the hyenas in, seemed to be a bit too much of a stage wait or something.",neutral,0.6198
It was too lively to the mood.,neutral,0.563
"You needed to come down from the death, from all that activity, you needed to have that low point.",negative,0.4962
It was also rubbing the audience's nose in the death.,neutral,0.5459
"We showed the movie at the AMC in Burbank, and it was a preview for Michael and Roy Disney.",neutral,0.6377
"""Michael's big thing after seeing the movie is, ""I love Rafiki, ""he's a great character, and you get what he is in the movie,"" ""but you just don't see him enough, you don't see his character"" ""threaded through the movie enough."" So, a lot of moments, particularly this one where he's mourning over the loss of Simba, kind of come out of rebuilding from that preview.",neutral,0.4472
"There used to be a sequence in here, if I could just ruminate, where Simba was lost and alone in the inhospitable waste.",neutral,0.5611
"There was a little sequence where he was out on the sand dunes, and he was walking in the desert.",neutral,0.9003
Kind of a Lawrence of Arabia thing.,neutral,0.802
"And we simplified it by using the icon of Simba as a transition to the apparently dead Simba, so you don't know, so you think, ""Boy, this hasn't just been a bad day."" -I mean, this has been… This has been a bad day.",negative,0.5797
"Now, interestingly enough, these vultures used to be characters.",neutral,0.5901
That's right.,neutral,0.569
Yeah.,neutral,0.5491
Long ago.,neutral,0.5718
But we tried a bunch of different kinds of vultures.,neutral,0.6905
We tried vultures as newscasters.,neutral,0.649
We had the old Yiddish vultures.,neutral,0.5908
We had the radio announcer vultures.,negative,0.5419
"It was all black humor, they were all talking about, ""Hey, kid, you might as well give up."" ""We're ready for you.",neutral,0.5457
"We're going to eat you."" ""It's not looking so good for you, is it?"" Yeah.",negative,0.8518
"And it was, like, a scene played out with these vultures as characters.",negative,0.5095
"And it was very funny, really funny.",positive,0.9691
"It was too funny, and it kind of stole the thunder from Pumbaa and Timon.",positive,0.5931
"And so, we knew the audience had to be rooting for Pumbaa and Timon, and we introduced these vultures which we would never pay off later, so we ended up just making them real vultures.",negative,0.524
Make them sinister.,negative,0.5805
Yeah.,neutral,0.5491
"Now, the funny story is that Nathan Lane and Ernie Sabella came in to audition in New York as hyenas.",neutral,0.5308
I think Nathan also came in and auditioned for Zazu's role.,neutral,0.9446
"So, when we were in Los Angeles listening through all the tapes, we were trying to figure out who Timon and Pumbaa should be, and we listened to Nathan and Ernie's hyena audition, and it was so funny.",positive,0.8143
They were so funny together.,positive,0.9545
"They played together so well and seemed so familiar with each other and so friendly, that we said, ""Wouldn't it be great if they were Timon and Pumbaa?"" Even the lines they were reading as hyenas were perfect.",positive,0.9618
They were talking about whether they should attack and eat the wildebeest.,neutral,0.5095
"And one of the hyenas as the voice of Nathan Lane said, ""What'll it be?",neutral,0.9104
"One meal now, or years of feasting in the future?"" And Ernie replied, ""One meal now, definitely one meal now."" And we thought, ""That's Timon and Pumbaa."" Mike Surrey and Tony Bancroft, the two animators that animated Timon and Pumbaa, were Timon and Pumbaa, they embraced them in every way.",positive,0.5766
"Originally, actually, in the earlier version of the story, Timon and Pumbaa used to be children who grew up with Simba in the Pride Lands.",neutral,0.9159
"One of the things we decided to change was to make them outcasts, so that when Simba was exiled, he'd have some friends who could take him under their wing.",neutral,0.8127
"And actually Gary Trousdale, who boarded the earliest version of these two characters, came up with the idea of Pumbaa's delicate condition.",neutral,0.9173
"Because he came up with the joke, ""Hey, kid, pull my horn."" And that's what led us off on that whole… ""Pull my tusk!"" And that's what led us off on this idea that he has a little problem.",neutral,0.498
He has an occasional indiscretion.,neutral,0.6942
"It's, ""You got to put your past behind you."" Look, kid, bad things happen, and you can't do anything about it, right?",negative,0.7599
"Of course, this gets into our issue about guilt and responsibility.",neutral,0.5804
"And which led us to the idea of the song Hakuna Matata, which originally was called The Warthog Rhapsody and covered a whole different idea.",neutral,0.9005
It was just about their fun life and how you get bugs.,neutral,0.5574
It was sort of the way Pumbaa lives.,neutral,0.8759
"You know, live according to Pumbaa.",neutral,0.846
Pumbaa's philosophy.,neutral,0.7827
And what we did is we needed a way to express the idea of Simba turning his back on his responsibility and yet doing it in a way that seemed fun and actually kind of a good thing.,positive,0.7742
"It was Roger one day, as we were sitting around a table, who came up with, ""You know, when we were in Kenya, they have this phrase over here ""that they use all the time.",neutral,0.8342
"It's something like, 'Hakuna matata.""' And we all said, ""No, that'll never work."" It was a ridiculous idea.",negative,0.8461
"But it has, it has such a great rhythm to it.",positive,0.8909
"Just automatically the whole expression, ""Hakuna matata."" Tim said, ""Well, I'll see what I can do with it."" It's like Zip-a-Dee-Doo-Dah and Bibbidi-Bobbidi-Boo, and Supercalifragilisticexpialidocious.",neutral,0.6998
All those songs wrapped into one.,neutral,0.7334
It's a Disney tradition to come up with words that mean absolutely nothing.,negative,0.5156
But this does mean something.,positive,0.5805
It does.,neutral,0.6481
"This means ""No problem, no worries."" So it is a real phrase.",positive,0.6791
So it's a departure.,neutral,0.7764
Yes.,positive,0.461
"It's like Que Sera, Sera, kind of thing.",neutral,0.729
"Yeah, that's right.",neutral,0.5581
It's true.,neutral,0.5889
"Actually, when we started off, the thing used to start with Timon's verse, where he sang about how he didn't fit into the meerkat colony.",neutral,0.5957
Meerkats are really social animals.,negative,0.803
"They were very social animals, they all lived in big groups, and they were all supposed to work hard, and he just refused to work.",negative,0.6239
And so did that verse because we just really couldn't get it to work and we decided to cut it out and start with the chorus which was a little radical.,neutral,0.4905
But The Beatles did it.,neutral,0.583
"""Can't Buy Me Love."" ""Can't Buy Me Love,"" exactly.",neutral,0.5066
"Yeah, and it worked great for them.",positive,0.9464
"You know, hey.",neutral,0.6485
For all you guys at home… That's right.,positive,0.5566
"Every time Pumbaa and Timon swing through… It goes by so fast in the movie, I don't think the audience ever enjoyed it.",negative,0.9356
They can use their slow button thing.,neutral,0.7826
"Yeah, they swing through, and they're in a funny pose every time.",neutral,0.5076
This is Jason Weaver again singing for Simba.,neutral,0.8919
And the next task that this song had to serve was to help Simba grow up.,neutral,0.8069
And how do you show that?,neutral,0.7331
-In one scene.,neutral,0.7061
Through dissolves.,neutral,0.7618
"But first we'd go to bugs, which was one of the original concepts for the song.",neutral,0.8417
We wanted the whole song to be about eating bugs.,neutral,0.6086
The old warthog song that used to be in this place was all about fun eating bugs in the jungle.,neutral,0.5408
I don't think we ever got our absolute 100% complete bug song.,negative,0.7284
-Never did that.,neutral,0.5913
"No, that's okay.",positive,0.4932
This works.,positive,0.8163
This is kind of a rites of passage thing in a funny way.,neutral,0.5257
"Timon says, ""If you're going to live like us, you gotta eat like us."" Back to the eating theme.",neutral,0.7905
"Join our society, eat a bug.",neutral,0.5674
"So, metaphorically speaking… I was going to say, there's a really cool African masked beetle in the corner of that last scene.",positive,0.8597
"Well, that was one that was interesting.",positive,0.8566
"We looked at a lot of reference pictures of the beetles, and they really looked like the inspiration for African masks.",positive,0.6238
"It was very, very interesting.",positive,0.9795
It's kind of like jungle sushi.,neutral,0.8397
"-I love this scene, Mark Henn again.",positive,0.9875
I love this scene.,positive,0.9862
There were audible sighs of disgust in the audience when we previewed this.,negative,0.8919
-Here we go.,neutral,0.6666
Simba grows up.,neutral,0.7589
Here is the longest log.,neutral,0.7636
The world's longest log.,neutral,0.7376
There's about two seconds in there where you see teenage Simba.,neutral,0.8768
"And it's the only time you see him, but there he is.",neutral,0.5285
It's interesting because we demoed that a couple of ways where the background and the characters dissolve at the same time.,positive,0.8724
-Remember that?,neutral,0.7531
"Yeah, and you didn't pick up on his transitions.",negative,0.6211
"You never got him growing up, so now in the film the character changes and then the background changes.",neutral,0.6667
"And the character and the background, and you really feel a big passage of time.",neutral,0.7254
"Also, Simba's singing voice here is Joe Williams, who's the son of John Williams, the Star Wars composer and he was lead singer of Toto.",neutral,0.9067
"And who knew that Ernie Sabella has a huge gift for scat singing, but in this little walk up here, he and Nathan, we just let the tape run one day, and they gave us about four hours of scat singing, of which you hear a little bit of it here.",positive,0.5664
That little trumpet sound is Ernie doing his little mouth trumpet thing.,neutral,0.7758
"Kenya, two years later.",neutral,0.8389
Two years.,neutral,0.6138
"We were going to have a title card thrown in there, but we thought, ""It's a little retro."" I love this scene, Zazu's trapped for the amusement of Scar.",positive,0.8899
Right.,neutral,0.5665
And it's funny.,positive,0.6135
Rowan Atkinson had never learned It's a Small World.,negative,0.5321
"So we had to have them bring the music along 'cause he hadn't been to Disneyland a million times like we all had, growing up in southern California.",neutral,0.5445
I had to sing it for him a few times to sort of get the melody happening.,neutral,0.8459
"And it's funny, he got it right away.",positive,0.6904
It's the kind of song that sticks to you like glue.,positive,0.5749
"There's nothing like that feeling of walking into a recording session with Jeremy Irons and saying, ""Do you know Lovely Bunch of Coconuts?"" Originally, actually, we had a gag in there, which I was sorry to lose, which was Scar was looking at the skull of the wildebeest, and he says, ""Alas, poor wildebeest, I chewed him well."" There used to be a longer interaction where Zazu said, ""Only you can rule the pride, as only you do."" Trying to say nice things about him.",neutral,0.5373
"Of course, this was also to show how the Pride Lands have become degenerated.",negative,0.8017
"The hyenas have overgrazed, shall we say?",negative,0.7702
That the balance of nature had been thrown akinder.,neutral,0.8148
And Scar… Excuse me?,neutral,0.6807
"""Akinder""?",neutral,0.8162
I just made that word up.,neutral,0.5475
My daughter's an akinder.,neutral,0.8545
"For some reason they translated that ""qué pasa"" into some other phrase -in Spain.",neutral,0.6456
I don't know why.,negative,0.7105
Go figure.,neutral,0.6661
"I remember that, yeah.",neutral,0.7154
I don't know why.,negative,0.7105
"Ah, the under-the-stars sequence.",neutral,0.7644
"Well, it's nice, it's male bonding.",positive,0.8549
-Can we say that?,neutral,0.8226
Yes.,positive,0.461
It is.,neutral,0.6055
It's three guys.,neutral,0.7637
-They have a great life together.,positive,0.9636
Buddies out camping.,neutral,0.8028
They've had this… I always thought of this as a Peter Pan scene.,neutral,0.822
Don't ask me why.,neutral,0.5934
Lost Boys bonding together on their own little oasis.,positive,0.5148
I always thought a little bit of Stand by Me.,neutral,0.867
"Yeah, same kind of thing.",neutral,0.5552
Under the stars.,neutral,0.6556
Timon?,neutral,0.7062
Yeah?,neutral,0.7381
Ever wonder what those sparkling… Here we get the chance to revisit our thematic star idea.,neutral,0.548
Which was established earlier with Mufasa and Simba.,neutral,0.9166
Exactly.,neutral,0.5663
Only this time Timon and Pumbaa get to make fun of Simba for believing in it.,neutral,0.5903
"There's the ""great balls of gas"" line, which was -probably the… Great balls of gas!",neutral,0.5883
Probably the biggest laugh in the movie.,positive,0.9431
That and the Small World thing that Zazu just sang was really big and funny.,positive,0.9523
"Where'd that come… Was that a Jonathan Roberts, Irene Mecchi line?",neutral,0.8985
Exactly.,neutral,0.5663
Yeah.,neutral,0.5491
"Actually… How do you remember it, Roger?",neutral,0.9027
"Well, I think I came up with the balls of gas, because I don't know what the thing was with Pumbaa, I was saying, ""I thought maybe Pumbaa should go"" ""a little closer to the truth,"" ""that actually you think he's way off, but actually he's right on."" You think he's stupid, but he's really Carl Sagan.",neutral,0.4651
"Yeah, he's Carl Sagan.",neutral,0.7501
Right.,neutral,0.5665
You mean a bunch of royal dead guys are watching us?,negative,0.6403
Pffff!,negative,0.642
"So, then they kind of coax out of Simba this bittersweet response.",neutral,0.7788
"Of course, the stars remind him of Dad.",positive,0.5909
Right.,neutral,0.5665
Then they ridicule him for it.,negative,0.8274
"Yeah, like any good friend would.",positive,0.5629
"This was a little problem area, because leading into this, you're trying to communicate Simba's forlorn feeling and ultimately lead you to Rafiki.",negative,0.4998
"So, this transitional device of the pollen.",neutral,0.7651
Pollen blowing in the breeze.,neutral,0.8027
"Literally, Simba touched it, so it would carry some of his… Also his exhalation of his woe and sadness carry it along.",neutral,0.6674
"You know, we should talk about Robert Guillaume because when he first came in to test for this character, it was a completely different character.",neutral,0.8475
"It was a much more serious, profound baboon that would impart wisdom and be a friend to Mufasa.",neutral,0.6671
-And so he came in.,neutral,0.819
A politician.,neutral,0.576
"Yes, a politician.",neutral,0.7192
"""Sire, I have grave news about the Pride Lands."" Robert Guillaume was brilliant doing that.",neutral,0.4308
"And then through a variety of story changes we came back, probably three or four months later, and said, ""Robert, we still love you, but there's been a few changes made."" Suddenly, we have this whacky Jerry Lewis witch doctor character.",neutral,0.5701
Now you're a madman.,negative,0.8607
We spent almost the whole first recording session with him finding that laugh.,positive,0.5442
We worked him so hard in all these recording sessions.,neutral,0.5603
He would be leaping up and down and cackling and laughing and he brought so much to this character.,positive,0.9362
He's my favorite.,positive,0.978
"He was a man of few words, not Robert but Rafiki.",neutral,0.659
"It seemed like the less he said, the more interesting he was.",positive,0.7009
If he just spoke in little bits of wisdom and riddles and things that he was a much more interesting character.,positive,0.8229
"Singing the song Lion Sleeps Tonight was an idea, originally, that we thought was just kind of a funny joke amongst ourselves and when we finally really thought about it, we said, ""Well, gee, why not?",positive,0.4936
"Why don't we use it?"" -And we did.",neutral,0.7585
"I always wish we had a full recording on the album of them doing that whole song, -'cause I love that song.",positive,0.9519
They were amazing.,positive,0.9673
"I can't hear you, buddy.",negative,0.7082
Back me up.,positive,0.6285
A-wiiiiii iiiiii-iiiiii-iiii A-Pumbaa-bum-baa-weh Pumbaa?,neutral,0.8428
Pumbaa?,neutral,0.7632
Hmm?,neutral,0.702
"A little… Oh, Carmen there, I think… I love that little musical section of him sneaking up.",positive,0.9449
Timon?,neutral,0.7062
Here's a little rack focus.,neutral,0.7976
"Digitally, in the CAP system, you're able to have a soft, diffused distant ground and a very sharp foreground, and at one point in the scene you just change those perspectives, and the foreground goes soft, and the background goes crisp, and you get the feeling that you actually moved the camera lens into focus.",neutral,0.6402
I think it's interesting at this point also in just what kinds of techniques we're using.,positive,0.8254
"That we're trying not to be limited by the vocabulary of animation of what we've typically been able to do, but try to go beyond that to do things that maybe you've seen in live action, but have never seen done in animation.",neutral,0.6752
"Don't worry, buddy.",neutral,0.5591
I'm here for you.,positive,0.7648
I love all of this fighting stuff.,positive,0.9844
-Ruben Aquino… Tony de Rosa.,neutral,0.8849
…and Tony de Rosa did these great fighting lions.,positive,0.6898
Just gorgeous.,positive,0.9339
"See, I told you he'd come in handy.",neutral,0.5463
"The flip, the Nala flip.",neutral,0.8266
"Of course, here is the Nala flip.",neutral,0.832
The flip which we saw earlier in the movie returns again.,neutral,0.8348
"This is the lovely Moira Kelly, and she is lovely, too.",positive,0.9843
"Actually, it's interesting, I remember the first time we had written this scene, the very first pass of the scene was written in New York, in that hotel, up on the top floor.",positive,0.851
"Yeah, at the beautiful Royalton Hotel in New York City.",positive,0.9164
"Yeah, we had booked a recording session with Nathan and Ernie, and we had some script pages that were written well before the recording session, and on the plane on the way out, we got to thinking, and then the night before over drinks, we got to talking.",neutral,0.8347
"And then I found myself about 3:00 in the morning on the telephone to all these typewriter rental places saying, ""Can you get a computer up to room 336, please?"" And the next morning we had a 10:00 recording session.",neutral,0.7695
"We were together having breakfast at 8:00, pounding out script pages 'cause we had some new ideas.",neutral,0.5531
"And we ran them over to the stage, and it ended up eventually being this scene.",neutral,0.7117
"That was a very early session, too.",neutral,0.7924
That was very early on.,neutral,0.7398
"I also think, this was one of the most difficult writing moments to arrive at.",negative,0.5821
"Because we wrote this scene many, many times.",neutral,0.7343
And boarded it many times because so many things had to happen in this little three-minute scene.,neutral,0.6849
"Simba and Nala meet, Pumbaa and Timon don't know who she is.",neutral,0.7751
Their lives together as bachelors are threatened by her.,negative,0.7747
"She punches Simba's buttons and says, ""Why haven't you gone home?"" And yet they can't completely break up because there's a love song coming up.",neutral,0.6285
There's all these masters that scene had to serve.,neutral,0.693
"And it was one of the toughest, just in terms of storytelling and writing, to do it in a compact, clear way for the audience to understand.",positive,0.5008
"During this whole confrontational scene with Nala, where she's saying, ""What about your family back home?"" And all this sort of thing, and the comic characters saying, ""You're the king!"" We decided we wanted to ease from the afternoon colors, the golden light to a pinker light, to introduce… Because we wanted to do the love song against the last afternoon light so we can start off brilliant and go into sunset colors.",positive,0.5191
"So, behind the background, again, we did a step by step warm pinkyfying of the backgrounds.",neutral,0.8993
That had to be planned out extensively.,neutral,0.727
"Here's Pumbaa and Timon, the buddies are going to break up.",neutral,0.5555
"Actually, I remember their walk off.",neutral,0.8437
We had another line when they were walking off.,neutral,0.8537
Timon and Pumbaa?,neutral,0.8876
"Yeah, Timon and Pumbaa.",neutral,0.8048
What was the line that led into it?,neutral,0.8492
"Something about… Pumbaa said, ""After all, he's the king!"" Timon said, ""What are we, the short subjects?"" -Anyway… Which got left behind -for obvious reasons.",neutral,0.6163
For obvious reasons.,neutral,0.5254
I get it.,neutral,0.5921
I've really missed you.,neutral,0.4641
"I've missed you, too.",neutral,0.5566
"I tell you, Pumbaa.",neutral,0.7018
This stinks.,negative,0.9476
"Oh, sorry.",negative,0.6696
Not you!,negative,0.6347
Them!,neutral,0.5548
This is Jamie Lopez's animation of these two guys.,neutral,0.854
Great.,positive,0.7671
"This song has an interesting, perhaps, the most diverse history in the film.",positive,0.966
"Poor Tim Rice, 18 times, I would bet you, no joke, he wrote the lyrics to this song, trying a bunch of different ways.",negative,0.6221
"At times we had Simba and Nala sing the whole thing, with their mouths open onscreen.",neutral,0.869
"At times we had Pumbaa and Timon sing the whole song, which was really funny, in fact, we took that version to screen it for Elton and Tim at one point, and everybody sat around scratching their heads, ""and Elton said,"" Well, wait a minute.",positive,0.6142
"You don't understand."" ""I always loved the point in Disney movies"" ""when the prince and the princess"" ""got to sing about how they feel about each other."" ""I always wrote this song, thinking"" ""it was gonna be a classic Disney love song."" And so, we ended up with this kind of hybrid moment that it is in the movie now, where Pumbaa and Timon get you into and out of the song, and then you get a wonderful lyric from Tim Rice about how the two of them are getting together.",positive,0.8568
"One of the things about doing a love song is you've got to put in some comic moments, or else a lot of kids start getting really squirmy.",neutral,0.4562
"So, it was a good thing that we held on to Timon and Pumbaa.",positive,0.851
I love this.,positive,0.9801
"This is one of my favorite scenes in the movie, I just love the way it looks.",positive,0.9923
The reflections and everything.,neutral,0.6999
I'm so happy with that.,positive,0.9853
"Yeah, it's really great.",positive,0.9786
"Without having to have a big, action-adventure sequence, you can use the artistry of the CAP system, the animators, the effects animators, the art directors, all come together to create a nice little moment.",positive,0.7964
"Now, a lot of this also came from Andy Gaskill's storyboarding, the whole ideas of pulling Nala in the water, all this sort of thing.",neutral,0.8701
Simba soaked to the skin.,neutral,0.5679
Coming up is perhaps the most steamy love scene -in any Disney film ever.,positive,0.9613
"Well, it's funny, in context of these lions in Africa, in an animated film, you actually, you know, feel the moment very much, right here, where they roll down the hill.",positive,0.5617
"And then she has her ""come hither"" look in a minute.",neutral,0.7656
There she is.,neutral,0.6582
"Wow, what a cat.",positive,0.8591
Yeah.,neutral,0.5491
That's actually another classic animation scene.,positive,0.5301
-The girl with the stars in her eyes.,neutral,0.6016
Very sweet.,positive,0.9523
"And I love this 'cause it's all one shot, and it ends up with these big, funny, cartoon elephant tears.",positive,0.9302
But the funniest thing about this is that the animators animated the crying to each other… -Each other's character's voice.,positive,0.7992
Yeah.,neutral,0.5491
Cartoon trivia there.,neutral,0.7828
"His carefree days With us are history In short, our pal ls doomed We originally designed… You could see water underneath the log, and the reflections, and we had to cut back, so what Andy suggested is just drop the water out and make it a long waterfall -that falls off, which was even better.",positive,0.7731
"It's beautiful, and this is a real tribute to the effects animators, too, to be able to create this whole mood in this little glen here.",positive,0.982
"This is the big continuation of that idea of the scene where Nala and Simba are… They're having their big confrontation about whether or not he is the king, and whether he should take responsibility for it, which of course we had to interrupt with the love song.",neutral,0.7489
Right.,neutral,0.5665
That's right.,neutral,0.569
"That was what was difficult actually about the love song, because some ways, it was hard to hold off this moment from early on, because it took them a long time to get down to talking about this.",negative,0.6137
This is a great scene that portrays what great actors can do.,positive,0.9784
"Matthew Broderick of course, playing adult Simba, and Moira Kelly playing adult Nala here.",neutral,0.9093
"And also, in our process they probably recorded these scenes at different times, on different coasts, and it's a tribute, too, to the film editor who has to sit down, in this case Tom Finan, and make this performance sound like it's one cohesive scene.",neutral,0.7927
"A lot of times when you'll be recording with another actor, one of us would have to go in, like either Rob or me, or Brenda, our story person.",neutral,0.8934
"We'd have to remember how the other actor had read the lines, and would play the scene opposite the person, so that you could keep them responding to the way the other actor had performed.",neutral,0.8617
"Matthew brought a lot to the role of Simba because I think in the casting process, we were trying to find somebody who could bring a comedic side to the character so he wasn't just a boring hero that was going on this journey, and he was kind of one-note.",neutral,0.5285
"And Matthew could bring that kind of wry sense of humor that he has, that kind of Ferris Bueller side of him, to the role and still carry the dramatic parts, because he is such a great actor.",positive,0.9203
This is the star metaphor coming back.,neutral,0.7057
Ruben Aquino did some great animation here.,positive,0.9649
Ruben was the lead animator on the Simba character and was one of the earliest animators on the film and kind of set the style for how these lions would look.,neutral,0.7888
And this is kind of Simba's dark day of the soul.,neutral,0.5561
"And an interesting anecdote here, the sobbing you hear at the end of here is actually director Rob Minkoff sobbing.",neutral,0.6017
"Asante Sana, squash banana We we nugu, imi mi apana Asante Sana, squash banana We we nugu, imi mi apana Asante Sana, squash banana One of my favorite scenes is the down-shot of Rafiki's point of view, with Simba walking away through the grassy field, and he leaves this really subtle little trail through the grass.",positive,0.8434
And it's so nice.,positive,0.9729
"It's a special effect that the audience would never know, but you would feel it if it wasn't there and it's really tastefully handled.",positive,0.6779
"And then when you get to this section where he walks out on the log and kind of looks at his reflection in the water, you get all that great moiré pattern of the water playing underneath the log, and it's really a wonderful moment.",positive,0.9624
"This ""Asante Sana"" thing came from our guide in Africa.",neutral,0.906
It's kind of a little schoolyard chant.,neutral,0.7962
It actually means something.,positive,0.8184
"""It means,"" Thank you very much, squashed banana.",positive,0.8137
"""You're a baboon and I'm not."" Which, of course, Rafiki does explain in the movie.",neutral,0.6028
A little bit.,neutral,0.6881
"It's interesting actually, because we took that ""Asante Sana"" idea, that was one of the very first things that we talked about, once we knew we wanted to make Rafiki this crazy shaman character.",positive,0.8458
"And originally we had him using that in the blessing of Simba at the beginning of the movie, as a sort of quasi-chant.",neutral,0.9131
Asante Sana Squash banana And it sounded a little goofy.,negative,0.6301
Yeah.,neutral,0.5491
"So, we said, ""You know, that's not gonna work."" But we ended up using it in this location, which made a lot more sense to do it to literally be annoying.",neutral,0.45
I think these scenes of Rafiki are great.,positive,0.975
James Baxter is the animator of Rafiki and one of the great animators at the studio.,positive,0.8869
He really is.,neutral,0.5606
"It's interesting 'cause James animated Belle, in Beauty and the Beast, and he animated Roger Rabbit.",positive,0.8316
"It's interesting because animators can crawl into the skin of so many different characters, so for somebody to animate Belle and to turn around and animate Rafiki, it shows you the kind of vast range that animators can have, and certainly James is amongst the best.",positive,0.922
"Okay, so this is Simba going into… It's interesting 'cause what we talked about is this whole twisted, gnarled vine area was sort of to reflect Simba's unconscious mind that he was literally going back, peeling through the layers, weaving through to go back, to get to, sort of, -the center of his problem.",neutral,0.6184
Right.,neutral,0.5665
Where he had buried and suppressed that whole thing about his father.,neutral,0.5316
So he's going through therapy.,neutral,0.8583
"To counterpoint to the scene earlier when he was cub, when he was actually escaping from his homeland through the thorns and the thicket, this is the beginning of his journey back.",neutral,0.8983
"In fact, we actually… I had Ruben Aquino and Tom Bancroft, they had to mimic each other's scene, so it is literally this… One of the scenes is exactly the same.",neutral,0.7208
"-That there's a vine… The crawling under… Yeah, there's a crawling under one big vine, -which is exactly the same.",neutral,0.7082
Very interesting.,positive,0.9324
But done in different directions.,neutral,0.8139
"Leading into this wonderful Mufasa's ghost sequence, which was one of the first storyboard on the film.",positive,0.902
I remember looking at Andy Gaskill and Chris Sanders and Brenda Chapman kind of collaborate on this whole area and found a piece of music that kind of expressed the emotion here.,positive,0.5895
I love this scene.,positive,0.9862
That is based right on one of Chris Sanders' story sketches.,neutral,0.7849
I like the moiré patterns of the water reflecting up… It's very poetic stuff.,positive,0.957
"""Look down there."" You see?",neutral,0.7882
"And again it's great special effects animation, in a very subtle way, from Scott Santoro and the gang.",positive,0.9643
Simba.,neutral,0.5794
"The Mufasa's ghost scene started with Tony Fucile, the lead animator on Mufasa, drawing the performance to James Earl Jones's voice in a really rough manner, and then that went to the effects guys, and Scott Santoro and Ed Coffey and a lot of the effects animators then took those roughs and turned them into cloud shapes and negative shapes and elements that were combined together to create that effect.",neutral,0.8147
"Yeah, also, what we were trying to do with the ghost scene was to bring Mufasa in as a negative shape and then slowly transition, so that the lighting effects would come around to the front, and eventually describe him as a three-dimensional form, up until the sort of climactic scene where you finally see Mufasa in a more dimensional, real state.",neutral,0.8519
"You know, we recorded James Earl Jones in a really interesting way for this scene.",positive,0.8301
"Because his voice is such an instrument, a musical instrument.",positive,0.5491
And our sound designer got an idea to actually put microphones around his head.,neutral,0.8093
We had about six microphones.,neutral,0.8747
"So, in a theater environment where you get a left-center-right surround kind of environment, we actually recorded him with five microphones around his head, which was quite a shot.",neutral,0.7915
It was supposed to make it sound like his voice was coming -from inside of your head.,neutral,0.7561
Right.,neutral,0.5665
"I remember sitting around in my office, late one night with a box of cold pizza, trying to figure out how to physicalize this scene, and how to turn it into a moment that wasn't just talking heads.",neutral,0.7475
And that's where the idea of bopping Simba on the head with a stick came out of There you go.,neutral,0.7477
That's the whole movie.,neutral,0.6684
"""It doesn't matter."" Right, in those two lines.",neutral,0.6746
"""It's in the past."" And it's funny, after previewing it, we actually opened up a little after that line, because the audiences would just roar with… Particularly the adults.",positive,0.703
It was just a real knowing laugh.,positive,0.7878
"It's like, ""Yeah, that's how life is."" And so, we ended up adding more animation there because it stepped on all the rest of the lines.",neutral,0.5418
"And even as much as we added in a lot of the earlier test screenings, you still missed a lot of lines after there.",negative,0.5884
Big African chorus.,neutral,0.7387
"And great twinkling stars, just little subtle twinkling stars, and these little comets, these little shooting stars coming in.",positive,0.6135
This is another one of my favorite scenes.,positive,0.989
"It's just a fun… ""Who's the monkey?"" scene.",positive,0.6343
"""Who's the monkey?"" scene.",neutral,0.7582
"Really fun, kind of fast-talking, Howard Hawks-y, '40s detective movie dialog.",positive,0.9454
"Well, it's an old style of the comedy of errors.",neutral,0.5122
"-It's a mix-up… Yes, exactly.",neutral,0.6105
It's like Who's on First?,neutral,0.7267
Who's on First?,neutral,0.8586
With warthogs.,neutral,0.6552
"Actually, Simba was in this scene in the beginning.",neutral,0.9015
"In earlier stages, then we took him out, we had him leave.",neutral,0.7425
"So, in the ""Who's the monkey?"" scene, originally, it ended with Pumbaa giving a speech.",neutral,0.9023
"Timon was left behind, Simba had gone off, Nala had gone off, and Pumbaa was gonna go off and Timon was aghast.",neutral,0.6069
"And we had Pumbaa deliver this wonderful, patriotic speech.",positive,0.9603
"""Timon, it's about responsibility."" And he went into this rousing Winston Churchill speech, and we played a little patriotic music behind it, and it was a wonderful little scene, but it's not there anymore.",neutral,0.5096
Oh.,neutral,0.5443
"You know, David Lean made movies that had scale to them.",neutral,0.7976
"And I think we wanted to have that big African viewpoint be part of these movies, and you see that here in a few very simple shots.",neutral,0.7068
"The great imagery of Simba's heroic journey back without a bit of dialog, just a wonderful feeling of Africa and music.",positive,0.9713
"Originally, there were several traveling shots we just combined, we eliminated a lot and just combined two into that one scene.",neutral,0.8148
"This is kind of like the… Simba coming back to his hometown, but all the buildings are burned out, the old house where he grew up is all derelict now.",negative,0.6512
It's kind of an apocalyptic vision is basically what this is.,neutral,0.5621
"Well, it's post-apocalyptic.",neutral,0.6201
And again in a scene like this the music carries a lot of the emotional message.,neutral,0.7847
"Of course, we had to explain how the hyenas caused the drought, you know.",neutral,0.5487
"Well, metaphorically speaking… It's a symbolic thing.",neutral,0.8325
"A King Arthur type metaphor, you might say.",neutral,0.8708
Precisely.,neutral,0.5679
"With the good king, comes the good weather.",positive,0.8044
With the bad king… What is it?,neutral,0.6097
That the king restoreth the land.,neutral,0.6421
Yeah.,neutral,0.5491
Absolutely.,neutral,0.465
"When the king is removed from the land, the land dies, it withers.",negative,0.837
"I remember these layouts were problematic because, early on, they didn't have many burned-out trees, and yet there's this huge fire sequence at the end of the film.",negative,0.8178
"We were wondering, ""What the heck is burning here?"" ""Is Pride Rock made out of coal or something?"" I see nothing funny about this.",negative,0.8969
Timon!,neutral,0.6091
Pumbaa!,neutral,0.5144
What are you doing here?,neutral,0.8691
"At your service, my liege.",neutral,0.7132
Aww!,negative,0.6999
We're gonna fight your uncle for this?,negative,0.8221
"Yes, Timon.",neutral,0.6802
It's a good sort of colloquial gag.,positive,0.7998
-A fixer-upper.,neutral,0.6448
"Real estate gag, yeah.",neutral,0.6898
"We generally try to keep it a little bit timeless and non-specific to the contemporary life, but we couldn't resist that joke.",neutral,0.6325
We've got some more moving clouds.,neutral,0.8066
"Oh, yeah, the clouds are moving from here on.",neutral,0.6906
"Well, this, originally, what's coming up, was just a little soft shoe, ""and we thought,"" No, it's too tame.",neutral,0.5705
"""What can we come up with that's funnier than a soft shoe?"" Basically, we sat in a room… This was also another late-at-night meeting.",neutral,0.6456
"But we sat in a room and I think Don said, ""Hey, let's do a luau."" ""What a great idea."" We used the Hawaiian war chant, and we got together with the writers, Irene wrote a pass of lyrics to that song, and then when we got ready to pitch the song, that was the best part.",positive,0.9538
We were really worried about it… I brought in my ukulele.,neutral,0.7292
'Cause I have a ukulele.,neutral,0.7633
"Which is, you know, not normal.",negative,0.7323
"But I have a ukulele, I brought it in to work, and found a guy who knew how to play it and knew the Hawaiian war chant, so we brought him into the pitch, and at the appropriate moment, he was supposed to leap up with the ukulele in hand and started strumming, as Don Hahn leapt over to the Sparkletts water bottle to begin tapping out the rhythm of the song.",neutral,0.6447
"I was gonna do the Timon part, and Roger was gonna do Pumbaa's part… And we did this pitch and by the end of it, they were rolling.",neutral,0.7691
They were busting a gut.,neutral,0.4839
This is kind of Sarabi walking the gauntlet.,neutral,0.881
He sees Mom.,neutral,0.771
Russ Edmonds did Sarabi.,neutral,0.7919
Andreas did Scar.,neutral,0.7757
"We constructed an interesting beat in the story to sort of convey a lot of information, to allow us to have Simba come in to the scene as an aggressor, which he wouldn't do normally because there's no reason for him to necessarily attack Scar immediately.",neutral,0.7006
He's only heard hearsay from Nala that Scar's done wrong.,negative,0.6194
So Scar ends up hitting Sarabi to sort of justify why Simba can actually come in on the attack.,neutral,0.8697
Mufasa?,neutral,0.7879
"No, you're dead.",negative,0.7479
You notice the whiskers on Simba?,neutral,0.8712
"You know, all those whiskers had to be drawn -on a separate piece of paper.",neutral,0.7683
That's right.,neutral,0.569
Because they had to be colored separately from the rest of the character.,neutral,0.7036
"And originally we were gonna have whiskers on the lionesses, too.",neutral,0.8788
But we didn't.,neutral,0.4976
But we didn't.,neutral,0.4976
It doesn't matter.,neutral,0.6715
I'm home.,positive,0.6493
I like this 'cause Scar kind of is crazy now.,positive,0.6131
He's going mad.,negative,0.6606
"If you're doing a scene, for example, at the end of the picture, where the hyenas are lit up by lightning, so you're not seeing the physical lightning, but you're seeing the effects of it, the way the light affects the rock, the only piece of artwork that's drawn is a shadow.",neutral,0.7677
Is actually one still frame of the shadow.,neutral,0.8741
"-And the light setting of the piece… And the tone… The tone on the character… Okay, the shadowed side of the character, plus the cast shadow on the rock.",neutral,0.8716
And you're literally dialing up and down the settings so that the light gets brighter and dimmer.,neutral,0.5777
But that's the only extra piece of artwork you've got in a scene like that.,neutral,0.7079
It's nice.,positive,0.943
"The sound effects kind of play in here, too, 'cause you see the clouds encroaching and then you hear… You begin to hear the thunder coming in the surrounds, and then by the time you're into the fight, the lightning storm's right on top of you, so it punctuates the fight.",neutral,0.7701
And this whole little section was kind of courtroom drama-like.,neutral,0.7139
I think that was the conceit when it was laid out.,neutral,0.8328
Simba on trial.,neutral,0.7175
"Simba on trial, you have a jury.",neutral,0.7507
"-Scar plays the judge here… No, Scar's F.",neutral,0.7668
Lee Bailey.,neutral,0.7735
F.,neutral,0.5041
"Lee Bailey pacing up and down, grilling him about where he was.",neutral,0.9115
It's not true.,negative,0.5869
Tell me it's not true.,negative,0.6079
It's true.,neutral,0.5889
You see?,neutral,0.7077
He admits it!,neutral,0.5374
Murderer!,negative,0.8961
"This scene is actually done with two flat backgrounds, or rather a background and a foreground element, and the characters are literally animated to be turning in place.",neutral,0.8035
To simulate a camera move that swings the camera 360 degrees around the characters.,neutral,0.8764
…and now everyone knows why!,neutral,0.5786
"Now, this scene is interesting 'cause, like many other moments in the film, it sets up a parallel to exactly the geography and the scenes where Mufasa and Scar were interacting back at the stampede.",positive,0.7463
"In fact, the fire down below, the lightning's now set the whole Pride Lands ablaze, and the fire is moving left to right just like the wildebeest stampede was moving left to right, so you create a lot of visual imagery about the relationship between Scar and Simba, much like the imagery between Scar and Mufasa earlier, and now a very literal flashback to that moment.",neutral,0.7925
And the art direction's gone completely mad here.,negative,0.8401
It's turned completely red.,neutral,0.6197
"Actually, what's interesting about this sequence is that, typically, the climactic sequence takes the longest to resolve, in terms of story.",positive,0.7279
"It begins at the very beginning, but until you've worked out all the beats and story points throughout the whole course of the movie, you don't really know what it is you have to pay off, so this sequence went through more changes I think, probably, than any other sequence.",neutral,0.6337
"Took the longest to produce, too.",neutral,0.4852
It was probably one of the last sequences to be finished.,neutral,0.8512
Coming up is my favorite ninja-Rafiki moment.,positive,0.9384
"Oh, yeah.",neutral,0.5585
We spent a lot of time trying to get the right ninja sounds.,neutral,0.6571
Robert Guillaume did some.,neutral,0.878
"We had Pat Pinney come in, and other people to… We had some kung fu people.",neutral,0.9116
Kung fu people to give us some nice ninja moments.,positive,0.7239
"But it's also important in a sequence like this to have a pay-off, for each of the characters, so we tried to construct a comedy moment for each character.",neutral,0.6195
It was fun to be able to put these guys together.,positive,0.9635
They hadn't been together for the whole film.,neutral,0.6151
"We had a much longer scene with these characters, once they got into the cave, which of course… We thought, ""Wouldn't it be funny to put the three hyenas,"" ""Pumbaa, Timon and Zazu, all in one high comedy scene."" Right, and originally Pumbaa got them out of the scene, out of trouble, by resorting to flatulence.",neutral,0.6173
Using his secret weapon!,neutral,0.6513
His secret weapon!,neutral,0.7005
"And he cleared the cave, and then the last one out was Zazu.",neutral,0.8281
"Who said, ""You should have let them kill me.",negative,0.7793
"Oh!"" A lot of this fire coming up is turbulence fire in the same method that creates the smoke.",negative,0.5018
"Turbulence was discovered kind of as an accident, wasn't it?",neutral,0.5661
"It was like galvanized rubber, you know.",neutral,0.6369
"They were looking at a monitor one day and these interesting patterns were appearing, and they kind of got into it and found, ""Oh, this is an effect."" ""This is something we can actually harness and use in our movies."" Randy Fullmer was really instrumental in pulling these things together, when we were putting together the fight against the fire, against the fire background, where all of a sudden one of the things came back wrong.",neutral,0.5321
"It was just absolutely weird, the colors were all blown out, but we all looked at it and said, ""Now, there's something interesting about this."" It had kind of a flame-like look.",positive,0.615
"So Randy researched where the problem came from, and we actually wound up using it for flame effects in the climax.",neutral,0.8347
"Basically, they would design a block, a literal sort of marbled cake, if you will, that slices would be taken through and photographed, and as each slice was removed, you would see a differing image of that turbulence.",neutral,0.861
"So the shapes morph and modulate from one to the next, so it gives you the feeling of just a random and organic pattern.",neutral,0.8106
"The embers is a really cool computer trick where the CGI guys create these little embers that actually turn in space and are very dimensional, so on the big screen they look quite real and they glow hot.",positive,0.9589
"And then you have levels of churning smoke behind, which is a combination of drawn artwork and turbulence and diffusion put over the top of it, to really create the inferno feeling down below.",neutral,0.7301
"This was sort of an interesting experiment, trying to achieve that kind of slow motion effect that, again, you can do in live action.",positive,0.9095
And we had to simulate that by literally dissolving from one frame to the next.,neutral,0.6525
"And that scene where he kicks him off, there's an inter-cut of about eight frames or so.",neutral,0.8276
-Eleven frames.,neutral,0.8054
Yeah.,neutral,0.5491
Of Simba kind of gritting his teeth before he kicks him off.,neutral,0.6939
"Exactly, that's right, that's the one that we added.",neutral,0.6853
"It was the very last scene that we animated… It was added, like, a month before the movie came out.",neutral,0.854
We previewed it and it just seemed like something was missing.,negative,0.7454
"And it was a conscious expression on Simba's face, he was gonna kick this guy's butt.",neutral,0.6547
"And that was a little eight-frame scene that was lodged in there, and kind of cemented that section of the movie.",neutral,0.8276
That's what I heard.,neutral,0.774
Ed?,neutral,0.7149
"I always liked that we had Scar done in by his minions, you know.",neutral,0.5086
He was foisted on his own… Hoisted on his own petard.,neutral,0.5001
A Shakespeare thing.,neutral,0.7986
And then the rains came.,neutral,0.6449
"All of this heavy, heavy effects work going on in here.",neutral,0.6477
"Glowing embers, rain, fog.",neutral,0.6975
"There's Zazu saying a line, which… Says, ""Your majesty."" Which then we took out because we wanted it to be silent.",neutral,0.7908
"Yeah, it kind of broke the magic of the moment, but… You can play it back and go… If you want to.",neutral,0.6782
"If you like to lip sync along at home you can say, ""Your Majesty,"" along with Zazu right there.",neutral,0.5975
Here's Rafiki pointing to the throne.,neutral,0.9257
I always saw this as kind of the Arthur-Merlin moment.,neutral,0.7874
It is time.,neutral,0.6862
"Actually, I think we have a Don Hahn scene.",neutral,0.781
"Roger and Rob, and even Don… Don, that's right.",neutral,0.5773
…have animated scenes in this film.,neutral,0.8899
It's our Alfred Hitchcock turn.,neutral,0.8256
It's the close-up of Simba's feet walking up.,neutral,0.8434
And there it is.,neutral,0.5731
There it is.,neutral,0.5908
"Thank you, everyone.",positive,0.9456
There was a whole another ending of the movie.,neutral,0.7574
"Yeah, where Timon and Pumbaa brought the baby bugs and… They had a nice little birthday present for the new little cub, and it was a little bug.",positive,0.7843
"It was the same general concept, just done differently.",neutral,0.8258
"Right, it was the goop on the forehead from Rafiki and all that.",neutral,0.8165
We thought we needed another comedy pay-off for each of the characters.,neutral,0.7782
And it was just too long.,negative,0.8379
"It was too tedious, and we felt like, ""Let's go out in a big way,"" and we came up with the idea of, ""Let's end it like we've cut back in after all the ceremony"" ""to the moment where everyone is cheering."" It's a curtain call, almost.",negative,0.4876
"Because, when Simba roars, that's the end of the movie, -and you're going for your handbag.",neutral,0.6461
That's right.,neutral,0.569
It's also nice to get that little curtain call of the characters standing out there on Pride Rock.,positive,0.9531
That was one of the reasons we changed it.,neutral,0.8388
"Because when we started, we started on the cub, and it wasn't clear who the parents were.",neutral,0.6573
It wasn't clear which cub this was.,neutral,0.7248
"So to begin with Simba and Nala standing on the rock, and then introduce Rafiki and the cub… It also ended up with a wide shot of Pride Rock.",neutral,0.849
A lot like Circle of Life ended up.,neutral,0.6402
"You know, with the big establishing shot.",neutral,0.6985
"And that just seemed so right since you were intimate with their characters and all our heroes are there together to introduce the cub, to just say, ""Let's end on the next generation.",positive,0.8028
"""And here's Fluffy, Simba's and Nala's new little cub.",neutral,0.6622
"- ""Let's just end on Fluffy."" Right.",neutral,0.7058
"I was surprised, just looking at it again, how many callbacks there are, even little things like the way Pumbaa and Timon bust up the vultures is the same way they run in and bust up the lionesses and the hyenas.",neutral,0.5856
"And the way Mufasa and Sarabi are at the beginning, is the way Simba and Nala are at the end, and cub Simba running off to the jungles is the same as adult Simba coming back, and, you know, how many callbacks are in the movie to try and knit it together in that kind of circular theme.",neutral,0.8647
Exactly.,neutral,0.5663
It's interesting.,positive,0.8541
Yeah.,neutral,0.5491
"I also didn't realize, looking at it again, how much of an effects tour de force it is.",neutral,0.5532
"If you took out the effects animation, whether it be the shadows or the rain or the reflections, or the fire, it would be greatly diminished.",neutral,0.5061
"There's so many unsung heroes in the animation process, -and certainly… Absolutely.",positive,0.5999
The effects tell some of the story.,neutral,0.7678
It's impossible to get around it.,negative,0.5275
"I mean, Mufasa's ghost, reflections in the water, the Pride Lands ablaze, so much of it tells you information you need to know about what the context of the movie is.",neutral,0.829
It would be impossible to tell without it.,neutral,0.6052
Yeah.,neutral,0.5491
A lot of..,neutral,0.7714
This is really… Animated films are about the process as much as anything else.,neutral,0.6469
"And there always comes a point where you have to finish, you have to end your relationship with any piece of this.",neutral,0.528
"And every time you commit to it, every time it becomes sort of solidified, and you know, there's always a sense of is it all that it could be, could we have done something better with it?",neutral,0.5498
"And some pieces, of course, you feel, ""You know, we succeeded pretty well."" And of course, there's other pieces where you say, ""You know, maybe we could have gone for it."" It's tough.",positive,0.5021
"It's knowing when to stop, because it's never about money either, it tends to be more about time, because the meter is ticking, the release date's set, you have a movie to turn out, and it's always in many cases, compromise.",neutral,0.7041
"And I think we were fortunate in a lot of cases not to have to compromise, and, again, people like Randy Fullmer and certainly Andy Gaskill, helped us craft a look of the movie that was pretty seamless.",positive,0.8867
They took us through places where we had to cut back because of time.,neutral,0.712
"And found other solutions that would help us through it, that would soften the absence, you know.",neutral,0.5847
"Like, for example, if we couldn't do the certain effect in that one area, they'd come up with another solution that would be a simpler effect, and yet it would keep the production value up.",neutral,0.7268
Their contribution is incredible.,positive,0.9333
"So, you never had that sense where you're riding along the movie, and all of a sudden… It takes a production dip.",neutral,0.5817
"There was a lot of creative monkeying going on back there, in those colored model stations.",neutral,0.6427
That's a really good point.,positive,0.9684
"Well, it's interesting because a lot of people think our characters and a lot of our films are created by computer, but nothing could be further than the truth.",positive,0.4685
Because it's artists who have always driven these movies and certainly who have made Lion King.,neutral,0.6436
"So, in a way, animation's still created the old-fashioned way where somebody sits down at a drawing board with a pencil or a paint brush and draws or paints animation or a background by hand.",neutral,0.8346
We use computers then heavily in the post-production process to sandwich all those hand-done elements together to create the final frames.,neutral,0.8715
"And we also use computers in an area called CGI, or computer graphics imagery, to animate or create things on a screen that you couldn't possibly do by hand like the wildebeest stampede.",neutral,0.5455
"And the other thing I find interesting, too, is, we were talking about how around the world these movies are put together, that you literally have lines that cut together or pieces of song that cut together, where one word was sung in New York, another was done in Los Angeles, the chorus was recorded in London, and the music was done in Santa Monica.",positive,0.6815
"You know, it's spread out all over the place, and somehow that all comes together into one piece.",neutral,0.5425
It's the magic of animation.,positive,0.6351
It is magical.,positive,0.9436
"In fact, one of the big questions that we're always asked is, ""How do you direct an animated film?"" And the thing is rather than in a live action film where you have all of your elements together at one moment to work with, to put them all on film, in animation you're literally picking up elements scattered from all sorts of different places.",neutral,0.6484
"And you're taking all the bits and pieces of the puzzle and putting them together, and as a director that's pretty much what your job is.",neutral,0.6419
"Managing, designing, juggling all the pieces of the puzzle so that when it does come together, it makes sense and means something.",positive,0.5764
"And that about sums it up, in the Circle of Life.",neutral,0.7789
"Good night, Gracie.",positive,0.714
Thanks for inviting us into your living room.,positive,0.9745
The popcorn was great.,positive,0.9759
Hope you enjoyed the movie.,positive,0.954
"Hakuna Matata Hakuna matata Hakuna matata Hakuna matata Hakuna… Thank you, everybody.",positive,0.9128
We'll be here all week.,neutral,0.7967
Thanks.,positive,0.6284
"Good night, everybody.",positive,0.7226
