text,sentiment,score
"Hi, this is Ron Clements, I'm the co-writer, co-director of Little Mermaid.",neutral,0.5825
"Hi, I'm John Musker, I'm the other guy, the other co-director, co-writer of The Little Mermaid.",neutral,0.6995
"Hi, I'm Alan Menken, the composer of Little Mermaid.",neutral,0.6422
"You're gonna hear a lot on this audio commentary about Howard Ashman, who I consider to be the greatest theatrical dramatic talent of our generation, as a writer.",positive,0.9422
Howard passed away before Beauty and the Beast was released and after Little Mermaid came out.,neutral,0.6973
"Coming up is an earlier interview that Howard and I did at the time of the release of the film, and it's great to hear his voice adding to ours.",positive,0.9782
This is Ron again.,neutral,0.681
We had a really tough time getting this to work right with the ship coming through the fog.,negative,0.7299
This is John.,neutral,0.7813
This was generated by a computer but then painted in traditional ink and paint style.,neutral,0.9196
"You really saw a change in perspective there, in a way that we couldn't have done with traditional animation.",neutral,0.6147
"We tried to keep color very low-key, it's kind of an overcast day, because we wanted to save the color for when we went underwater...",neutral,0.7518
We shot this with traditional fog filters on the animation camera just to give it the feeling of a foggy day.,neutral,0.7832
"This is Alan, and I remember how many times Howard and I took stabs at the top of the movie musically.",neutral,0.6337
"We had a much longer song, originally, which told the whole story of Eric and the boat.",neutral,0.8101
"The back story of the witch and Triton, there was a whole story created.",neutral,0.8697
And a lot of dancing and sweeping.,neutral,0.7045
"It's a big, elaborate production number.",neutral,0.643
And it actually got story-boarded.,neutral,0.7059
"Roger Alters, the great story artist, story-boarded it, it exists.",positive,0.5914
"Ultimately, it seemed like it took a little too long and was too involved, so we went with a shorter, trimmer version.",negative,0.5832
"One thing we did want to do, though, was to start the movie on the water surface and save going below, 'cause we felt it was like going to Oz or something like that.",neutral,0.7314
"So, it's almost like this is our black-and-white section going into color now.",neutral,0.7753
"Classic moment for me is when the fish jumps and hits the water and we go into this theme, and that's where the heart of the movie just jumps out at you.",positive,0.7663
I remember we demoed this so many times.,neutral,0.5883
"I can remember you and Howard Ashman were sitting there at the piano, and Howard would be like, ""Alan, give me that musical figure,"" ""something watery, something watery."" That's right.",neutral,0.7321
And then Alan would come up with this thing.,neutral,0.6627
"I'd never even heard the term ""musical figure"" before, and I'm like, ""Well, that's what that is."" I'd create this little...",neutral,0.5816
"It came off the top of my head, and it became this unmistakable stamp, now, of Little Mermaid.",neutral,0.6044
-Musical signature.,neutral,0.7813
Anytime one hears it...,neutral,0.7788
"And also, with any musical, and Howard would say this too, you have to establish right at the top what are the rules for this musical.",neutral,0.8022
"If somebody is coming out and they're on a stage, and they're singing All That Jazz, you go, ""Okay, I get what this is."" If somebody comes out and they're animated, and they're doing a sea shanty about the fable of The Little Mermaid, you go, ""Okay, I get..."" So long as you get what world you're in, you can accept it.",neutral,0.6345
Ron again.,neutral,0.6468
This first shot of King Triton's palace is a multi-plane shot.,neutral,0.915
"After CAPS was developed, a shot like this would be easy, but at the time, if you wanted to move in on something and give some sense of dimension, you needed to use multi-plane.",neutral,0.7061
I think this film was the first use of multi-plane since...,neutral,0.6206
"I think there might be a shot in Jungle Book, which was kind of reused in The Rescuers, I think.",neutral,0.9062
Those trumpet fish were the first real explosion -of higher key colors.,neutral,0.5352
Really bright color.,positive,0.8221
"If you look, still-frame, as he passes in front of the camera, on the lower left corner of the screen, you can see Mickey, Donald and Goofy there in the audience, watching.",neutral,0.7885
Will Ryan did the voice of the little seahorse.,neutral,0.8718
Speeded up a little bit.,neutral,0.7691
"You hear the fanfare as Triton sweeps in, and then when Sebastian comes in, there's a little dinky fanfare, and that is actually me playing the kazoo.",neutral,0.6969
Listen to the last note particularly.,neutral,0.8306
We did have fun.,positive,0.925
Sam Wright and Ken Mars doing the voices of Sebastian the crab and King Triton.,neutral,0.9216
Sam Wright was wonderful to work with.,positive,0.9735
"He's been playing Mufasa in The Lion King on Broadway, but prior to that, he'd been the father in a musical called Tap Dance Kid.",neutral,0.6754
He was in the Fruit of the Loom commercials as a dancing raisin or something.,neutral,0.8648
"A great, great comic actor and singer.",positive,0.9391
"He was one of the New York actors, both he and Jodi Benson were cast without John or I having ever met them in person, we just heard their voices on tape, 'cause they auditioned in New York, but we loved what they were doing.",positive,0.9203
Ellen Woodbury did some of this animation here.,neutral,0.9135
-And Will Finn I think did some.,neutral,0.9237
"And Will Finn as well, yeah.",neutral,0.8536
"In the lyrics coming up in this song, when you talk about the sisters, among the sisters, Atina is a musical I had written, actually, that Michael Bennett produced, called Atina: Evil Queen of the Galaxy, which was a big flopperoney.",neutral,0.7815
"Arista, Attina Adella, Alana And Howard, in the lyrics, makes reference to Alana, and that was Howard's way of including me in the lyrics.",neutral,0.8925
"One other bit, Andrina was actually my aerobics teacher at the time, -I was taking an aerobics class.",neutral,0.8766
Is that right?,neutral,0.7966
"We used to have more dialogue in this scene, we had a backstage scene that got cut out.",neutral,0.5397
"It's like, ""Where's Ariel?",neutral,0.7225
She's not here!,negative,0.6032
"What am I gonna do?"" And then he's forced out onto the stage.",neutral,0.6242
We just liked the staging of the shells opening.,positive,0.8499
"It just seemed kind of fun and it's a little campy, I guess.",positive,0.8952
"But we liked it and Howard went along with it eventually, but we had to sell him on the idea.",neutral,0.5172
Howard always had very specific ideas of how he visualized the staging.,neutral,0.8775
This set-up shot of the sunken ship has cross-dissolving beams.,neutral,0.8442
"Mike Peraza, our art director, did the layout for this.",neutral,0.8727
It really helps set a great mood for the rest of this sequence.,positive,0.9771
We knew this movie would have more effects animation than any movie that had been done in a long time.,positive,0.6312
"And virtually every scene underwater has effects in it, it has either bubbles, or light refractions or distortion.",neutral,0.678
"It added a huge amount of complexity, but it's just a really great motivator in getting the whole crew together, knowing that they were facing, in some sense...",positive,0.9034
I think we presented it as almost an impossible challenge.,negative,0.6429
"People like impossible challenges, because it gets them excited, and I think the whole effects department was very excited about the challenge of this film.",positive,0.9775
"Alan had never written an underscore for any movie before, and he wanted to do it, and we were interested in doing it, but he'd never done it before, ""so we said,"" Let's use this as kind of a dry run, so to speak, ""or a trial run, and let Alan get his fins wet on this one."" So, this was the first thing he wrote.",neutral,0.6918
I was terrified.,negative,0.7623
"It was an action cue, it wasn't just a romantic cue, it was something where you really had to hook into the...",neutral,0.8075
"There's a big shark chase coming up and all that stuff, so Alan had to hit all these accents and beats and all that, so it was something different for Alan.",neutral,0.811
"And I also remember, when we scored the movie, this was the first cue that we recorded.",neutral,0.8101
"I remember sitting next to the orchestrator, I listened to it, and I said, ""Oh, my God, this is awful."" ""Oh, my God, this is just terrible."" And I see Howard and John and Ron conferring at the front, their heads are down and they're talking to each other.",negative,0.9322
"""And I'm thinking,"" Oh, my God, ""they're trying to figure out how to fire me."" Then finally Howard gets up slowly and walks over to me behind the board.",neutral,0.4855
"I said, ""Yeah, I know it's terrible.",negative,0.7474
"We can work on..."" He says, ""No, in this one measure, ""could you move this one beat forward?"" I said, ""Yes.",neutral,0.8234
"""He says, ""That's great."" I made a choice to do this very much in the style of the earlier animated features, in which, instead of sound effects, you're basically using music for a fall, or music for an impact or for anything, almost like ballet.",positive,0.7769
"So, it's a very busy score.",neutral,0.735
I learned how to get less busy after Little Mermaid.,positive,0.5363
"I might also mention that the shark here is animated by Matt O'Callaghan, who story-boarded this sequence as well, and that doesn't always happen.",neutral,0.7477
"So, he really shaped it, both in terms of the storyboarding, and then he wound up animating the shark, as well as Louis, the chef, later on.",neutral,0.8417
"The shark, his name is Glut, although his name is never brought up in the movie, he was originally going to return later in the movie, and Flounder was going to actually defeat him and Flounder would have his moment of glory, finally.",neutral,0.7747
"But as we simplified the story, Glut never does return.",neutral,0.5858
"When this sequence was first developed, there was Flounder, but Ariel also had another companion, a dolphin, which we called Breaker, but he left very quickly.",neutral,0.8405
We thought that there were too many characters with her along for the ride.,neutral,0.5762
"So we gave some of Breaker's personality, which was a very energetic, gung-ho type, we moved that into Ariel, and that actually made her a more lively sort of character, to give her some of the dolphin's personality.",positive,0.574
"If they would have given us more money, some of these scenes where Scuttle was walking on this rock, would've had more contact shadows, where you'd see his shadow cast on the rock, but that was a concession to the budget and the time restraints that we were under, that we didn't put those things in the film.",neutral,0.7346
I miss them.,negative,0.4753
Buddy Hackett.,neutral,0.7385
Buddy Hackett.,neutral,0.7385
"There was a different voice for Scuttle, originally.",neutral,0.905
"Our boss, Jeffrey Katzenberg, didn't like the other voice we had.",negative,0.7897
"He's like, ""Guys, guys, get a comedian.",neutral,0.6426
"That's what we did on Oliver."" ""Richard Mulligan, we got him and the character came alive."" ""Find a comedian."" We went through a list of comedians...",neutral,0.6375
"Buddy improvised some here, which we encouraged, I think that was fun.",positive,0.9546
"He also, when we first recorded Buddy, he had written a song for Scuttle.",neutral,0.901
Have you heard the song that he wrote?,neutral,0.9036
"No, but he actually sang it on The Tonight Show.",neutral,0.7967
"Yeah, he did sing it on The Tonight Show.",neutral,0.7503
"You'll never know what lonely is till you live by yourself on a rock Once we cast Buddy, we wrote it to sound like Buddy, and Buddy was saying, ""Don't write for me, write for the part."" His very first takes, he was playing Scuttle with an artificial seagull voice that we kind of thought, ""This is not the way to go."" We wanted him to just be himself and be natural, which he did, and he was great, but there was a little bit of tension just at the very beginning of his first session.",neutral,0.6244
"Jason Marin, who did the voice for Flounder, his voice changed by the end of the movie, and we were trying to get Little Jason.",neutral,0.8541
"He came in, ""Yes, I'm here to do the finishing lines on Flounder."" We're like, ""Jason, can you just..."" He had to cheat it up a little bit.",neutral,0.7193
"We like to give characters entrances, and so to give Ursula theatrics, we really wanted her to come out of shadow, even the sort of descent into the camera is all just meant to give her theatrics.",neutral,0.7069
She's a very theatrical character.,neutral,0.7658
"The first time we screened this with an audience, and we see that she's an octopus for the first time, there was an audible reaction from the audience, just a little shudder.",neutral,0.619
"And that made it feel like, ""Yeah, that's working for her intro."" Seriously, 'cause originally, the witch wasn't conceived to be an octopus, she was a different fish, but not octopi, but it really went with the musical approach, in terms of the silky, tentacly, trying to wrap Ariel in and reel her in snakily.",neutral,0.6705
"The snake charmer thing in here, I think, worked well with Alan's music.",positive,0.853
"On the witch, we actually took some live-action footage from a documentary, Disney Mysteries of the Deep, and Roy Disney was very versed and familiar with that, and worked on that and brought that to our attention.",neutral,0.6341
"Rob Minkoff, the initial animator of Ursula, did a walk cycle literally on top of that.",neutral,0.861
So her lower half was this octopus.,neutral,0.7935
"We really were able to get real-life observed behavior, combined with the character of this big, overweight, but exaggeratedly graceful vamp, villainess.",neutral,0.5982
And that really became the basis for all her movements later.,neutral,0.8949
"Well, it was ruined!",negative,0.9172
That's all!,positive,0.5922
Completely destroyed!,negative,0.8733
This concert was to be the pinnacle...,positive,0.7604
"Ed Gombert was one of the great storyboard artists that worked on the film, and he really came up with the recounting of the tale that Flounder does and the way it was played, and that's really pure Ed Gombert in there.",positive,0.9472
"Probably, you can see it, if you look at a still frame, Flounder actually transforms into Scuttle for a couple of frames there as he's talking about Scuttle, he physically transforms to Scuttle.",neutral,0.853
"But then this seagull came, and it was, ""This is this, and that is that..."" Most of these bubbles are hand-inked, which is a throwback to the old-school, most of this movie is done with the Xerox process, which is something that was done from 101 Dalmatians forward.",neutral,0.7824
Little Mermaid was actually the last film to use cels and Xerox.,neutral,0.6584
"Right, the older films, Snow White and Pinocchio, were hand-inked.",neutral,0.7806
There was actually a person who traced the hand drawings of the animation onto cels.,neutral,0.8915
The Xerox process actually photographed them onto cels.,neutral,0.8802
"However, to get the look of those older movies, we really wanted the bubbles to be inked, so, in fact, they were, but as a way of trying to do it on budget, those were actually inked in China.",neutral,0.7807
"So, the problem for us was, when the Tiananmen Square incident was happening in China in 1989, it looked like there could be a civil war in China, and we weren't sure we were gonna get our cels back with the bubbles on them.",negative,0.8054
Our bubbles were trapped in China.,neutral,0.4879
The bubbles were trapped in China.,neutral,0.6158
"Tim Engel, who was really overseeing all that, said, ""There's a possibility that we may not be seeing any more bubbles."" And the movie was under the wire.",negative,0.4784
We were praying for democracy in China.,neutral,0.7186
But also praying we got our bubbles back.,positive,0.6399
That was very funny.,positive,0.9595
"Once again, we got our bubbles.",neutral,0.5343
They came.,neutral,0.7433
"I don't know about democracy in China, but...",neutral,0.6258
The crab was animated by Duncan Marjoribanks.,neutral,0.8883
"I'm always amused whenever I see it, ""'cause I think of 6'5"" Duncan Marjoribanks animating this teeny little thing.",positive,0.9256
"It's one of the great things about animation, that the animators don't have to look like the characters they portray.",positive,0.935
"Also, Andreas Deja animated Triton, who, I think, he's always said he based on his father somewhat.",neutral,0.9052
"Without the fins, yeah.",neutral,0.716
"A lot of these underwater scenes involve those little patterns of tight there, those are live-action patterns, the way you see light playing under a swimming pool almost, and those were double exposed over the painted backgrounds we drew to give a watery effect.",neutral,0.8242
"That's a technique we generally used, as well as filters over the film, to make this all seem like it was happening underwater.",neutral,0.7598
"Mark Dindal, the head of effects, who later became the director of The Emperor's New Groove and Chicken Little, he came up with this effect.",neutral,0.9078
"It's actually fairly simple and not that expensive to do, but it added a lot to the underwater scenes.",positive,0.8852
"Particularly, in the song, Part of Your World, it gives an extra magic to that, and was used more extensively there.",neutral,0.5881
"As you can see, all the refractions of light where the light is hitting the underwater sections.",neutral,0.8584
"This pan of the grotto, I think we made this too short.",negative,0.661
"It moves too fast, I think.",negative,0.6114
"If we had to do this all over again, it would've let you see things just a little bit more.",neutral,0.7213
But it's a nice shot.,positive,0.7954
If only I could make him understand.,neutral,0.6736
I just don't see things the way he does.,negative,0.8642
"We should mention, in terms of this song, that one of the very early screenings we had for an audience, we brought in a class of school kids into the studio, this sequence was pretty much all black-and-white, it didn't have the effects and everything there, and in the very first screening, the kids squirmed a lot.",neutral,0.6408
"That brought up the very controversial thing that there was some talk of either cutting this song or cutting it down, which, pretty much, Howard was horrified at the idea, we were horrified, Alan was horrified, Glen Keane, who was the lead animator on all this and responsible for a lot of it, was horrified.",negative,0.7827
"And even though there was a lot of discussion, it finally came to a point where we could leave it in the way it was for an additional screening now.",neutral,0.6051
"And in this second screening, there was more color.",positive,0.682
"For whatever reason, however, it worked out, they didn't squirm.",positive,0.6037
They were quiet through the whole number.,neutral,0.8087
Thank God.,positive,0.8553
You know they almost cut Over the Rainbow from The Wizard of Oz.,neutral,0.6372
And that was one of our arguments with this song.,neutral,0.5758
"Howard's contention was every musical needs a point at which its central character, the protagonist, sits down on a garbage pail, on a rock in the sea, and says, ""This is what I dream of."" And, of course, the rest of the story is all based on creating obstacles that this character has to overcome to achieve their dream.",neutral,0.5575
"It sets Ariel's character, it sets her up, what she wants, what she needs, and so much of the rooting interest of the mermaid comes out of this song.",neutral,0.863
"And certainly, I think, we're all very glad this wasn't tampered with, 'cause it's such a signature of the movie.",positive,0.8474
"Also, the earlier lyrics to this song, I might mention, Howard generally resisted changes that we would suggest, and rightfully so, 'cause many of my own personal ideas were stupid, but one that he did actually slightly agree on, his earlier lyrics of this song, he talked about leather in China and things like that.",neutral,0.508
"And we said to Howard, ""Well, her information is from this guy"" ""who doesn't have his story straight, the seagull."" So Howard went back and readjusted the lyrics, so he put in the thingamabobs and the whatchamacallits.",neutral,0.5243
Those weren't in the first version of the song.,neutral,0.8409
"'Cause he agreed that, yeah, that actually was in character for her, to have these offbeat terms for things.",neutral,0.658
"That painting right there, Glen Keane picked out that painting 'cause he wanted a picture, an image of a fire underwater to go with the lyric.",neutral,0.8686
This shot where Ariel reaches out was the last shot done in the movie.,neutral,0.899
"We wanted to do that on the multi-plane camera, and there were just too many problems and we ended up doing it optically.",negative,0.5663
"At the time, it was technically very difficult, and I think it was shot four or five times and didn't turn out right.",negative,0.8324
"The opticals didn't match right, it had seams...",negative,0.8524
Her arm would not go outside the hole properly.,negative,0.8155
"And it got to a point that we were running out of time, literally, and we were on a budget and other restrictions, we had one last chance to get that shot to work or we had to use a compromise shot that was a shot that we developed as a last-minute resort, where she didn't reach out beyond the thing.",neutral,0.6914
"And the very last time, it worked.",positive,0.6488
Sebastian's presence as the witness of the song is partly there to mitigate the squirm factor.,neutral,0.8763
"He's judgmental about it, and you have that extra dramatic tension.",negative,0.557
"If it's just being done as a solo in one moment, it becomes a little eggy for an audience, a little bit cloying.",negative,0.6852
"Now, for the students of film, they can see some mistakes here.",negative,0.5656
"Watch this thimble on his foot, sometimes he's got it...",neutral,0.752
"Now, no thimble, it's gone magically.",neutral,0.7464
But now it's back.,neutral,0.618
Who let that mistake through?,negative,0.813
This is your sequence.,neutral,0.7951
"It's my sequence, yes.",neutral,0.6549
Ron directed some sequences and I directed some sequences.,neutral,0.8997
And this was Ron's sequence.,neutral,0.8716
It's a nice sequence.,positive,0.9656
"It's a beautiful sequence, I wish I had done it.",positive,0.9692
We didn't have time to redo everything on this.,negative,0.5542
We were aware of a lot of the mistakes.,neutral,0.5208
"But there were severe budget and time restrictions, in terms of making this film, so we had to pick our spots carefully, in terms of what we could fix and what we had to leave.",neutral,0.5835
"Dorse Lanpher, great effects animator, did the fireworks in that shot.",positive,0.8154
It really helped.,positive,0.9183
Thom Enriquez was the storyboard artist that story-boarded this sequence.,neutral,0.923
Beautiful draftsmanship.,positive,0.8533
"Our story team on the film overall was really an amazing story team, many of which have gone on to be directors, art directors, production designers...",positive,0.9841
"In this scene, we see several of the staff, including the guy dancing, Rasoul Azadani, who was a layout artist on that, and who we've worked with pretty much in all the movies that we've done.",neutral,0.8904
"This dog, Max, we added, didn't really exist in the fairytale, but we wanted to give the Prince a companion to bounce off of.",neutral,0.7432
"He was colored gray, he was a big Sheepdog.",neutral,0.6601
"We did have a nightmare with the paint of this character, because a lot of times, that gray would just crawl on film.",negative,0.6407
"You can still see it, here and there, it's a tough color to make work.",neutral,0.6852
"Mark Henn animated these scenes of Ariel as she came up over the side, and I think he really did a great job of capturing her innocence and just her wide-eyedness at this whole new world that she's looking at, the Prince in particular.",positive,0.9411
"This is really the heart of the story here, obviously, her falling in love with the Prince.",neutral,0.5722
This is one of the pieces of music that I wrote first as a source piece for you to animate to.,neutral,0.8096
Right.,neutral,0.5665
I know you talked about Grieg.,neutral,0.8058
"Although, I don't really know Grieg.",neutral,0.6948
"Yeah, it's sort of a little bit of Hall of the Mountain King.",neutral,0.869
"And Grieg was Danish, so it all made sense somehow.",positive,0.6313
"One of the more difficult characters in this film was Prince Eric, and there's a tradition of Disney princes, that they hadn't worked very well.",negative,0.7166
"In Cinderella, I talked to Eric Larson, who animated on it, he said, ""Yeah, he was stiff, I didn't really get it right."" Animating the prince has been called the most thankless job in animation, because it's probably harder to do than any other character...",negative,0.7748
"Even in the Andersen fairytale, you don't get much of a sense of the Prince, as much as you do of the Little Mermaid, and that's a challenge.",negative,0.466
"The more realistic human characters are always the most difficult, but, still, a character like Ariel is still more fun.",positive,0.8233
"Particularly, Ariel was a great heroine.",positive,0.8739
"She at least had the extra aspect that she was part fish, and she could swim underwater and she can move in ways that humans couldn't possibly move, and that's why his screen time tends to be more limited too, because it's just difficult.",neutral,0.6222
"We had Matt O'Callaghan who animated the Prince, Mike Cedeno.",neutral,0.8788
"Christopher Barnes did the voice on the Prince, and I think he did a really nice job of trying to get an engaging, likeable guy.",positive,0.9711
"The storm sequence coming up was actually one of the first sequences done on the movie, along with the Under the Sea sequence and the Louis sequence, those were actually the first things that we actually started animation on.",neutral,0.5417
"Because it was almost like a musical sequence, in that it was so rich in production value, if we didn't do it early, we knew that we might not get it done, 'cause it would take longer and there'd be impulses to simplify it and cut it, and we'd be under the gun, so we knew it would be difficult, so the sooner we could get to it, the better.",neutral,0.5024
"We called them ""money shots."" Which, I guess, means that we're gonna spend extra money on them.",neutral,0.4797
"It was also because it was an action sequence, there were just so many aspects of it that could be done earlier on, whereas sequences that were primarily character-driven, we almost wanted to save until the animators had a little more time with the characters.",neutral,0.6404
"This sequence certainly is a tour de force of effects animation, the fact that it was done first really gave us a chance to go all out.",positive,0.8912
"And Mark Dindal, who was the head of effects on the movie, did a great job on this sequence.",positive,0.9727
The gray-green cast of the skies in all this was inspired by an N.C.,neutral,0.8568
"Wyeth painting he had done, I think it's from Kidnapped, or one of these, where there's a shipwrecked figure in the foreground and a ship in the background.",neutral,0.9033
And that was the inspiration for the visual look of this sequence.,neutral,0.7808
"I never had a successful solution for this scene, I directed this sequence, and I wanted to be able to see the statue before it sank, so we cheated, so the statue was floating for a minute.",negative,0.6657
"It's a marble statue, it made no sense whatsoever, but I couldn't figure it out.",negative,0.8269
"""How do we show that before it goes away?"" So, it was bizarre, but there it is.",negative,0.4943
The water animation is beautifully done.,positive,0.9529
"And water is very difficult to animate convincingly, and Ted Kierscey did a lot of it, and a lot of the animators.",negative,0.5704
"It's funny, when you score a sequence like this, every hit becomes a source of stress for you.",negative,0.4752
"Leading up to the session, you want to make sure each hit is gonna work, so they're all imprinted indelibly on my brain.",neutral,0.805
I like that jazzy horn figure for the action when he's running across the ship.,positive,0.8732
I think that was cool.,positive,0.9786
I remember this was very early scoring for me.,neutral,0.7989
I should point out that the orchestrations were done by Thomas Pasatieri.,neutral,0.9005
He was a great help to me in learning the art of scoring.,positive,0.961
"Animation was not, at that point, hip.",neutral,0.6027
"I remember a film composer, it was difficult, I was asking his advice, ""and he said,"" Look, man, ""nobody takes a score from an animated film seriously."" He said, ""Just take a powder."" -He just meant like...",negative,0.4785
Phone it in.,neutral,0.761
You think about how that must've turned on its ear within five years.,neutral,0.5431
And now we're into the reprise of Part of Your World.,neutral,0.8761
Here's a rare interview that Howard and I did at the time of the release of the film.,neutral,0.8082
"Alan writes great ballads, I think that's one of Alan's real gifts, is Alan can bring a tear to your eye pretty quick.",positive,0.9401
"And ballads are really, really hard in a musical for the whole family, because kids aren't famous for liking love songs.",negative,0.7489
"So it's hard to write a song that moves, and has a little bit of rhythm, and also tugs at your heartstrings and is a soft number.",neutral,0.5411
"And the challenge of this number was to do a ballad that also moved the plot forward, which is why the subject matter of being part of your world was so important.",neutral,0.5557
What is she realty longing for?,neutral,0.7156
What is going to not just stop the action but keep everything moving?,neutral,0.7922
This is John here.,neutral,0.8303
"Howard's lyrics on this, again, the original version was slightly different, in that Howard played the lyric of this as, kind of, that she was disappointed, and the original lyric on this was, ""I'll never be part of that world."" And she was sad as she dove into the water.",negative,0.6555
"I remember we talked with Howard about it and said, just because of the shape of the story, she's gonna be kind of moony about the Prince and feeling up about it.",neutral,0.8569
"We said we thought, actually, it would be better to play this as an up thing.",neutral,0.6773
"And Howard, again, that was the only other thing we ever talked Howard into, and he agreed and he revised the lyrics so that it was much more of a positive statement than a statement of regret or sadness.",positive,0.5852
Howard did mention to us early on there was an element of this that was like a handicapped girl wanting to walk.,neutral,0.867
"And I think that's what he drew on for the lyrics of the song, partly.",neutral,0.894
"Actually, the song itself should be titled Part of that World.",neutral,0.8224
And this is Part of Your World.,neutral,0.7825
-They've both taken on one title.,neutral,0.8312
"Yeah, that's true.",neutral,0.6265
"Glen Keane animated much of Ariel in this part, a great animator, and he did this scene where she's on the rock, and I remember we shot this with Sherri Stoner, but Glen acted out this scene for her.",positive,0.6462
"And Glen is a burly, football-player-looking kind of a guy, and there he was, he's doing this action of just tentatively coming up over the rock, and I still remember Glen's physical performance, it had all the sensitivity that you see here in his drawn version, but picture a muscular Gene Kelly kind of a guy doing this.",neutral,0.7448
"Here it is, a moment of determination.",neutral,0.5979
Every teenage girl's desire to be free of her parents.,neutral,0.7445
It's a major story moment.,neutral,0.5385
Everything up to that point is really set-up.,neutral,0.6951
"Now the situation is really clear that we've got a mermaid who is in conflict with her father, who wants something that is forbidden in her world and will do whatever it takes to get it.",negative,0.6672
Her daddy will love that.,positive,0.8089
"King Triton's headstrong, lovesick girl...",positive,0.6318
I might mention Kathy Zielinski animated the witch in this sequence.,neutral,0.8899
"And there aren't a ton of women animators, but she's one of the best animators, period.",positive,0.9584
But she did a great job with the witch there.,positive,0.8276
"Those fish in that opening shot were computer fish, which we thought we might use more of in the movie, but at this point, the computer animation was not quite at a point where we were totally happy with it.",neutral,0.5365
"So we used the computer fish to a minimum, but they were in that one shot.",neutral,0.8221
And I do believe that this scene of Ariel was the first scene of Ariel animated in the entire movie.,positive,0.7194
Mark Henn animated this scene.,neutral,0.8838
"In the story reels, we had a longer version, and there were fish doing their hair and there were various things with the sisters that we took out.",neutral,0.9143
Howard and I were both huge fans of the earlier animated features.,positive,0.8719
"He felt that as the musical updated itself, the animated musical would also update itself.",neutral,0.661
"For us, Little Mermaid was the follow-up to Little Shop of Horrors.",neutral,0.7095
"As different as they are, it really was.",neutral,0.6823
"And there are people who joke and call Part of Your World, ""Somewhere That's Wet."" I haven't heard that.",negative,0.5659
-The other thing I want to say about...,neutral,0.8858
That's funny.,positive,0.8399
That's a joke on Somewhere That's Green.,neutral,0.527
"And so, we did a pastiche of '50s and '60s rock and roll, Little Mermaid, we did really our own pastiche of Disney.",positive,0.511
"When we started working on Sebastian, first you guys had Sebastian as a stuffy English...",neutral,0.8082
Clarence the crab.,neutral,0.7857
Clarence the crab.,neutral,0.7857
"Reggae was very hip and Howard said, ""Let's make him a Jamaican crab"" ""or a Caribbean crab.",neutral,0.6707
"Calypso."" I think of Harry Belafonte, that kind of warmth.",positive,0.5675
And so here are some thoughts from an earlier interview with myself and Howard Ashman.,neutral,0.9223
It's very hard to write contemporary sounding music in a fairytale context.,negative,0.5467
You're dealing with long ago and far away.,neutral,0.6462
"And you really still want to have a feeling that modern kids and adults can enjoy and start to move to, because that's how you get energy.",positive,0.704
And it was sort of a trick.,neutral,0.6732
"When I talked to John and Ron before the script was actually written, we had a long conference about that.",neutral,0.8914
Was there a way we could give the crab something in his personality that would make it possible to have a special kind of music that had some kind of rhythmic edge or contemporary feeling to it?,neutral,0.8556
And what we came up with was that there would be a Jamaican flavor to what he did in the music.,neutral,0.867
"And that was to get energy, to get a little bit of a pop feeling, and yet to have it be true to its fairytale roots.",neutral,0.6262
This song you guys finished in Burbank.,neutral,0.8938
"We started out actually at my farm in Pennsylvania, and Howard said he always wanted a figure that just circled back on itself.",neutral,0.8685
"That didn't end, so the song really started with the figure.",neutral,0.8333
"And one of the things I always talk about is in the world of animation, they're so specific in their references, and you guys especially, so as we made all these references, they animated the references.",neutral,0.7203
"And then when we went back to scoring, you guys wanted every one of these things that you had animated caught with different orchestral colors.",neutral,0.8238
"So you'll notice where there's all these different sea creatures, every single one is caught with a very specific scoring reference.",neutral,0.8313
"And I remember when we were working on this, Alan was right next to us, and Robby Merkin, who was doing the arrangements was right down the hall.",neutral,0.8301
So they would go back and forth with the storyboard artists and with us and be seeing hits that we were suggesting or a different fish they could use.,neutral,0.9211
"And they'd come back, ""Which one was this again, that was doing this part?"" It was the overdub session of all time.",neutral,0.7391
That's all I can say.,neutral,0.7555
"Overdub means after you've recorded the basic track, then you add other parts.",neutral,0.8769
"We did have to fight a bit with Jeffrey on this, in that we wanted to use colors as the song got progressively more joyous and that the color changed to these oranges and these reds.",neutral,0.5797
And Jeffrey had a hard time.,negative,0.6028
"He's like, ""Underwater is blue, guys."" And so we had to convince him it's okay.",neutral,0.5824
"So in some scenes, we had to sneak a little blue in the corners to keep Jeffrey happy, but eventually, he went along with it.",neutral,0.585
"We felt the mood of the song, no one's gonna worry that it's not blue anymore.",neutral,0.5638
It's hot.,positive,0.7562
Howard recorded the demo vocal on this one and he was just...,neutral,0.8555
A lot of the jokiness of Sam's reading.,neutral,0.7191
"Sam did a great job, but Howard, his original demo was full of spice.",positive,0.8569
Howard's vocals were definitely the blueprint for the final result.,positive,0.5452
"I think Sam's rendition of this song was one of the big things, in terms of getting cast for the role, because we heard a lot of actors sing that song and a lot of them were very good, and certainly Howard set the tone for it.",positive,0.9564
But I think Sam just did an incredible job with this song.,positive,0.9665
The interesting thing about Sam.,neutral,0.5287
Howard auditioned him in New York.,neutral,0.8935
"And we cast him never having met Sam, but we heard a tape of Sam.",neutral,0.8145
"And he was so great just on the tape that we said, ""That's the guy to do it."" And then we really met Sam the first time when he came in to record it.",positive,0.9653
We had never really met him before at all.,neutral,0.7161
The song that changed the Academy Awards.,neutral,0.6934
Alan won Oscars continuously...,neutral,0.5263
"I think there were eight, but who's counting?",neutral,0.8845
"Every Academy Award that Alan was involved in, he would win multiple Oscars.",positive,0.7713
-Usually score and song.,neutral,0.8072
Don't they come in pairs?,neutral,0.8471
"Then at a certain point, the Academy changed the awards so that musical scores would be a separate category.",neutral,0.7772
"We always looked at that, that that was the Alan Menken adjustment or whatever.",neutral,0.8789
"But Alan was winning so many awards, and everyone else felt left out, so they had to change the awards so that other people would have a chance.",neutral,0.5151
"Remember, I showed up for the Academy Awards, and they had me seated on the aisle, which I guess said something, because prior to that, I had been sitting in the middle of the aisle where I could never escape.",neutral,0.5814
"And I said to my friend, Dean Pitchford, who wrote Fame and Footloose, I said, ""I don't know, what do you think's going to happen?"" He says, ""I don't know who's gonna win the Oscar, ""but I looked backstage"" ""and the Academy Award had scales on it."" This sequence was very early in production, Ron directed this sequence.",neutral,0.7184
"This was the first stuff done on the crab, it seemed like...",neutral,0.8452
"Yeah, it was the first animation done on the crab.",neutral,0.766
Duncan Marjoribanks did the crab in this and Andreas Deja did Triton.,neutral,0.9162
And Ed Gombert story-boarded this and it's pretty much...,neutral,0.6433
The water is just fantastic to look at there.,positive,0.9763
"But this was a little sample of the movie in a way that went first and as I say, Ed Gombert story-boarded it, and it pretty much is exactly the way he story-boarded it.",neutral,0.6809
And it is just a nice little bit between the two of them that we were very happy with the way it turned out.,positive,0.9682
And it gave a nice sense of setting those two characters.,positive,0.8819
"But it's not a complicated scene from a directorial standpoint, except from the acting standpoint that it's realty getting a certain kind of dynamic in contrast.",neutral,0.7078
"It certainly is fun with the huge, imposing character, like the sea king and the little teeny character like the crab just kind of carrying on everyday conversation like they're not conscious at all of their size difference.",positive,0.8595
"We always thought Ariel's grotto was like a teenage girl's bedroom, and she's got her poster of a rock star who was the Prince.",neutral,0.7647
And that was the person that she was infatuated with.,neutral,0.6672
"And we were trying to draw the analogy with modern teenagers and their trouble with their fathers, obviously.",negative,0.5218
Overprotective parents and kids that don't want to have to be tied down by their parents.,negative,0.8752
"If you notice, the statue gets madder and madder as the sequence progresses.",neutral,0.6
-Is that right?,neutral,0.7914
His expression just keeps getting...,neutral,0.5998
Was that an accident or was that deliberate?,neutral,0.7033
"Not just the King, but the statue gets madder, too.",negative,0.5711
I never noticed that.,neutral,0.5201
"But, Dad, I...",neutral,0.7835
Is it true you rescued a human from drowning?,neutral,0.7867
The father-daughter relationship in this movie I find to be one of the most emotional.,positive,0.884
Possibly because I've had two teenage daughters and seen them grow up.,neutral,0.7756
"Yeah, my daughter was born as we were making this, and now she's more this age, so I've seen it from both ends.",neutral,0.7727
We got a lot of letters in terms of this movie.,neutral,0.7253
And there's fan letters from people who liked the movie.,positive,0.5205
But I'd say we got more serious letters from fathers and daughters and things that they were emotionally involved in.,neutral,0.8092
"In some cases, at least with one father in particular, that this kind of brought about a reconciliation with his daughter who he was estranged by.",neutral,0.8085
And that was nice to get letters like that.,positive,0.9357
The only thing I find difficult is the idea that she's Triton's favorite daughter.,negative,0.6437
The idea of having a favorite daughter seems...,neutral,0.6754
It's contrary to someone who's got more than one daughter.,neutral,0.5843
"Our theory was that she's the most like him, and that that in effect was what created the conflict.",neutral,0.7339
"To the extent that we said when Triton was a younger man, he had red hair.",neutral,0.9218
That they clashed because they're both strong willed and individualistic.,neutral,0.6626
"The children's book illustrator, Chris Van Allsburg, did some drawings for us when we were trying to develop the look of the film, and he did one of Triton's palace with greens and golds, and he also did a study of the moonlit grotto that was one of the earliest visual representations of Ariel's grotto.",neutral,0.7073
"Paddi Edwards did the voice of Flotsam and Jetsam, and this voice was treated a bit, but really, Paddi did have a very distinctive, raspy, great, unique voice that we thought was perfect for these two.",positive,0.9258
"And they're animated by Shawn Keller, who's a quirky, nice guy, but got a lot of sinister mileage out of these guys.",neutral,0.5378
What's very effective about them is the idea that they trade off their lines in a totally seamless way.,positive,0.8811
But there is something.,neutral,0.7619
Howard was extremely specific about what he wanted.,neutral,0.8455
"It was always a big concession for Howard to have me play any role, 'cause he frankly would like to have played every role.",neutral,0.6569
"It carried over with the actors when Jodi was performing the number, Howard had so many specific things in his head and Jodi contributed a lot, but Howard had phrasing ideas and things that really were wrapped into his approach to it.",neutral,0.8501
"And Pat Carroll, really, he helped steer her through it.",neutral,0.6129
Certain songs more than others.,neutral,0.7914
"But the phrasing just was very, very specific.",neutral,0.7189
"I know a few people who could have written Ursula, but nobody at the level of the way Howard wrote her.",neutral,0.6279
Howard had said that one of the things he always wanted to do was run a children's theater.,neutral,0.7908
So you combine that with that West Broadway or West Village sensibility and you get a sense of who the man was.,neutral,0.8771
"Tremendously emotional person and also so hip and so cutting edge, as far as the zeitgeist of our culture.",positive,0.7318
"And certainly here, it's in Ursula, but I remember Howard said our assignment was to write a score for an animated musical that could sit on the shelf alongside Cinderella and Dumbo and Peter Pan and Pinocchio and, of course, Snow White.",neutral,0.5796
That's what he always said.,neutral,0.7301
Right.,neutral,0.5665
No!,neutral,0.4416
No!,neutral,0.4416
She's a demon.,negative,0.913
She's a monster.,negative,0.9564
Why don't you go tell my father?,neutral,0.6592
You're good at that.,positive,0.663
"That was Ron's line, ""Why don't you tell my father?",neutral,0.783
"You're good at that."" And I've always liked that line just because it's so teenage girlish.",positive,0.8998
"-Well, it was John's line.",neutral,0.8493
Believable.,positive,0.6678
"""Teenagers, they think they know everything."" ""You give them an inch and they swim all over you."" This exterior, the witch's place, Mike Peraza, who is our art director, did that really cool layout of that sea creature and her actual shell, he designed that as well, and I always thought it was kind of Georgia O'Keeffe-esque.",positive,0.6279
"Those out-of-focus, dangling tendrils in the foreground, that was actually shot on a multi-plane camera.",neutral,0.8543
"The one done off the lot at Disney, 'cause the only one we could find that was up and working was actually done by a cameraman that Mark Dindal knew who shot stuff for Filmation.",neutral,0.8025
So that's one of two or three multi-plane shots in the movie.,neutral,0.9066
"A few of these first scenes of the witch were animated by Rob Minkoff, but then he left to do other things, and Ruben Aquino really did 98% of the witch and most of this song coming up, and this animation here is Ruben's animation.",neutral,0.8263
"And he did a beautiful job, in terms of just getting her personality, as well as just the technical issue of keeping all these tentacles alive and moving, and I loved what he did.",positive,0.9792
"Of course, Rob had also done an early exploratory drawing that Howard had really liked and we had really liked of the witch, where Howard said, ""This is great, she looks like a Miami Beach matron."" And we got into a whole thing about Divine.",positive,0.9052
"Divine is a cross-dressing guy, George was...",neutral,0.8474
What was his real name?,neutral,0.8647
"-His real name was Glen, but...",neutral,0.883
"Glen, okay, yeah.",neutral,0.6633
Everyone knows Divine as Divine.,neutral,0.6381
"People also know Divine, of course, as the original Edna Turnblad from the hit movie, Hairspray.",neutral,0.884
"He was from Baltimore, where Howard was from, I think.",neutral,0.9143
"And so, some of the early development art that Rob was doing and others were doing was really trying to get some of Divine's big, campy, overweight diva, get that into the witch.",neutral,0.8568
"And so there are still vestiges of it in the witch, although at one point, the witch even had a mohawk à la Pink Flamingos -and all that.",neutral,0.7797
Also Divine.,neutral,0.6776
"Also, Divine played that character, and Jeffrey thought that was a little too extreme.",negative,0.6065
"I don't think Jeffrey was aware that we were relating it to Divine, he just looked at us and he's like, ""Guys, it's 10% too much."" I think he was right on that, as I remember, it was pretty extreme.",negative,0.4846
Just want to point out the voice of Pat Carroll.,neutral,0.7547
We knew Pat Carroll from the Danny Thomas show.,neutral,0.8807
"And we really had a hard time casting the witch, because Howard had done so great with the demos.",neutral,0.4695
It was hard to find anybody that could match Howard.,neutral,0.5176
And then Pat Carroll came in and she really did a great job.,positive,0.9723
Nailed it.,neutral,0.4972
I know.,neutral,0.5132
"She always talked about how it was a cross between Tallulah Bankhead and Maurice Evans, Shakespearean thing in this vampy, throaty Southern belle or something.",neutral,0.8711
And that's what she got in the performance.,neutral,0.7863
"But on the whole I've been a saint To those poor unfortunate souls Now, here's the deal.",neutral,0.6428
I will make you a potion that will turn you into a human for three days.,neutral,0.7726
"Actually, this song was done in two separate sessions.",neutral,0.9048
"We did it, and then we went back and did it again -just to get all the nuances.",neutral,0.795
Right.,neutral,0.5665
I think Jeffrey was pushing for that.,neutral,0.7913
She did a fantastic job.,positive,0.9653
Gary Trousdale story-boarded this sequence.,neutral,0.8971
And he really tried to visualize all this deal making.,neutral,0.7176
"And I thought he did a great job of really making it visual, so that we'd understand, even without the soundtrack, what's at stake here.",positive,0.8828
Some thoughts from Howard Ashman again.,neutral,0.9062
"We wanted to make songs that would tell the story, songs that would really move the story forward, really push the plot along and keep things driving ahead.",positive,0.6383
"So, it's not like you stop and sing a song.",neutral,0.6294
"To my mind, this recalls what it feels like to write a successful musical for the stage.",positive,0.727
"We were there at the genesis, and we saw it through every step of the way with our collaborators.",neutral,0.6566
"Life's full of tough choices, isn't it?",neutral,0.5811
We perform when we write.,neutral,0.824
You have to.,neutral,0.7039
Howard is the actor.,neutral,0.6981
"Pat Carroll is wonderful, but you haven't heard the witch's number until you've heard Howard perform it.",positive,0.5974
And you never should.,neutral,0.5265
It's wonderful.,positive,0.9775
I generally get to play things like Ariel.,neutral,0.7434
Just 'cause you're shorter.,neutral,0.5859
Everybody would rather write for Captain Hook than for Peter Pan.,neutral,0.5889
They're just more fun.,positive,0.887
I don't know why.,negative,0.7105
"And Ursula's an especially fun villain, not only 'cause she looks like an octopus, you have that great movement with her lower regions.",positive,0.8829
But she's also very sophisticated as a character.,neutral,0.5239
She's much more verbal.,neutral,0.5475
"Then as a lyricist, that was fun for me, because I got to make more rhymes and more puns and more sophisticated humor with her.",positive,0.9426
"I see her song as a comedy number, first of all, and a character number.",neutral,0.7696
"And then, third, talk about things that are driving the plot forward.",neutral,0.8753
"At the beginning of that song, Ariel doesn't even know who Ursula is practically.",neutral,0.6054
"And by the end of that song, she's a human.",neutral,0.6218
"So, a whole lot changes in that little three-minute sequence.",neutral,0.8012
"I think we are thinking of something almost Kurt Weill-ish from The Threepenny Opera, for the basic feel of that number.",neutral,0.8635
And it's very seductive and Ursula's very seductive.,neutral,0.6501
And she's seducing Ariel into making this deal.,neutral,0.5643
"I remember when we did this, Howard talked about the shape of this number, and I'd never really heard that term used, as far as music went.",neutral,0.7752
"But he was talking about how, in terms of this last thing with the spell, that it almost was like a three-act play in itself or something.",neutral,0.8667
"Well, it's a big musical scene.",neutral,0.5791
You have the basic body of the song.,neutral,0.8353
You break for the dialogue when she's outlining the terms of the contract.,neutral,0.5527
"Then she comes back in full on the end of the song, -and then we transfer into the spell.",neutral,0.882
The spell section.,neutral,0.7293
"One thing we haven't talked about, which is so great about you and Howard and the songs that you did, is the storytelling aspect.",positive,0.92
"There are a lot of bad musicals, where sometimes you cut the songs out and sometimes it seems better.",negative,0.5812
And the songs are so much a part of just telling this story.,neutral,0.6281
They're integral to the story and they advance things.,neutral,0.5581
We have to be good thieves.,neutral,0.6023
"We always have to take from your script, and sometimes take the best aspects and incorporate it into our songs, and cover as much of the plot as we possibly can.",positive,0.689
"This shot, I might mention, we always thought of it as our Sports Illustrated shot.",neutral,0.8357
"But it was this backlit thing and a girl in the water, like a shampoo commercial or something.",neutral,0.85
There was something picturesque we wanted to do about it.,neutral,0.5717
"In the Andersen story, when the mermaid walks, she left bloody footprints and all.",neutral,0.6987
"We didn't really want to do that, but we did want to make this transition where she got her legs feel a little bit painful, in an homage almost to the Andersen thing.",neutral,0.5102
"That exterior of the palace, Rowland Wilson designed...",neutral,0.8988
He is a great draftsman.,positive,0.9337
He designed the Prince's palace.,neutral,0.8411
He did a drawing that we loved that combined these Mediterranean elements.,positive,0.9391
It made it a palace unlike any other Disney fairytale palace.,positive,0.6698
"And with the whitewashed stucco, it was really going for a warm Southern Mediterranean feel that he thought would be attractive to a mermaid who had been stuck all her life in the cold ocean.",neutral,0.5922
"We had a challenge here to stage this, because technically, in between those legs and that upper body, she's really not wearing any clothes.",neutral,0.7439
"So, we had to get her dressed and yet keep it discreet.",neutral,0.8314
"So, it was staged in a way where she was underwater in this sequence.",neutral,0.7765
That helped us.,positive,0.7767
There's such a feeling to this movie in scenes like this that is just infused with this fantastic innocence.,positive,0.9541
And it always makes you feel just wonderful.,positive,0.9693
I got it.,positive,0.4689
"It's your hairdo, right?",neutral,0.8196
"You've been usin' the dinglehopper, right?",neutral,0.8359
No?,neutral,0.6175
"No, huh?",neutral,0.6239
"Well, let me see.",neutral,0.6634
New seashells?,neutral,0.8763
"This scene right here, where the crab goes through this slight nervous breakdown, and then comes through and decides he's actually going to help Ariel, actually Howard wrote that.",neutral,0.8093
-That was added.,neutral,0.7733
Wrote the dialogue for that.,neutral,0.7772
"We had the basis of the scene, but we were struggling.",neutral,0.5659
"And actually, Michael Eisner had felt that the crab needed a real turning point here.",neutral,0.8184
And we were really knee-deep in stuff and a little bit burned out.,negative,0.755
"Howard wrote this scene, and it's a beautiful scene.",positive,0.9737
-Is that right?,neutral,0.7914
"Yeah, he did.",neutral,0.6895
"In terms of where the crab comes around and says, ""You're going to be miserable for the rest of your life."" This is Howard's dialogue here.",negative,0.7206
"Because Michael Eisner felt like his change from being against Ariel to being her ally in this happened offstage in our earlier version that we showed him, and he said, ""Unless you show that onstage, people aren't going to understand."" I think it was a good point.",positive,0.686
He was right.,positive,0.5885
And Howard did a great job of comically putting this over.,positive,0.8386
"When he goes from, ""I'm not going to help you.",negative,0.5633
"This is the worst thing ever."" To, ""Okay, I'll help you."" And he did a great job.",negative,0.3836
"Howard, of course, as a book writer on our musicals, he was an executive producer on this and on Beauty and the Beast.",neutral,0.6612
"Actually, he moved out here and was living out here.",neutral,0.8991
"But what a resource to have that kind of person offstage, so to speak.",neutral,0.5793
"It says, ""Additional dialogue by Howard Ashman,"" if you watch the end credits.",neutral,0.8933
There were two or three scenes where he did rewrite some of the dialogue.,neutral,0.901
"And this was the key one, really.",neutral,0.6712
"We weren't sure when he came in, in terms of how that might work, and he didn't write for a while aside from the songs.",neutral,0.6116
He held back.,neutral,0.7215
Not that we would have had a problem with it.,neutral,0.739
"For whatever reason, he held back for a while.",neutral,0.5903
And he was involved with our writing and would make suggestions and would make things.,neutral,0.8547
But he didn't write himself until this point.,neutral,0.7125
"And then Howard stepped in and wrote this, wrote two or three other bits that are all really memorable, great little moments in the movie.",positive,0.9316
I never knew that.,neutral,0.4687
I'd love to know where they are.,positive,0.6384
We'll tell you as we're going through.,neutral,0.8557
"We were really going for a watercolor look with these backgrounds, where you see the highlights really almost showing through the paper, that was really a throwback to a Pinocchio painting style and that kind of a thing, in terms of the way this looks.",neutral,0.7125
Glen Keane animated Ariel in this section.,neutral,0.905
We did use live-action reference for both Ariel and Eric to help the animators to get a jumping off point.,neutral,0.7539
"Sherri Stoner was an actress, a great improv comedian, and just brought a lot of spark to it and helped to inspire Glen Keane.",positive,0.9289
The combination really worked into some very nice acting.,positive,0.9709
You seem very familiar to me.,positive,0.8512
Have we met?,neutral,0.8211
We have met.,neutral,0.7064
I knew it.,neutral,0.5054
"You're the one, the one I've been looking for.",positive,0.8449
"Glen animated this scene here, where she's trying to do her pantomime thing 'cause she can't speak.",neutral,0.6601
And how can she put over what she did?,negative,0.661
And it's just a tour de force.,neutral,0.6563
Animation is great when you have to rely on pantomime to really put over the ideas.,positive,0.8028
"Certainly, early on in this movie, there was a lot of controversy over the idea that our leading character would not speak for a big portion of the movie.",negative,0.5341
"And certainly in story reels, it was a problem, because she seemed to disappear a lot in the scenes where she didn't speak.",negative,0.6466
"But we were kind of saying when she's animated, when the acting is there, it will be different.",neutral,0.8429
"And Glen Keane and Mark Henn, who did a lot of this material where she doesn't speak.",neutral,0.8603
I think that was the case.,neutral,0.8348
"Once the animation got in, she was alive and she kept alive.",positive,0.6276
"And it's a tribute to the art of animation, but that's animation acting at its best.",positive,0.7243
"Pantomime can be a tough sell, as we found out with the carpet in Aladdin, similar idea that...",neutral,0.4895
"You have to say ""Trust us"" a lot.",neutral,0.748
"""Trust us.",neutral,0.67
"It will work."" One of the things that I guess also helps keep her alive without her voice is that music plays a role.",positive,0.7537
"-Yeah, absolutely.",neutral,0.6542
It was key.,neutral,0.6411
The underscore becomes basically her voice.,neutral,0.8191
It does become her voice.,neutral,0.8246
Yeah.,neutral,0.5491
"This sequence in the earlier version of the film, as we were working on it, had been longer, and it was felt that this needed to be paced up a little bit.",neutral,0.7828
"So, this whole section was trimmed down a little bit.",neutral,0.8597
These washerwomen had a longer rant that they talked about.,neutral,0.7644
All this got compressed and turned into one little set piece of mistreatment of the crab.,negative,0.9028
"There's also a bit with Max the dog chasing the crab around the castle, that got cut.",neutral,0.8132
We had trouble with that shot.,negative,0.676
"Making it read, I think.",neutral,0.7982
We did it four or five times.,neutral,0.8485
Yeah.,neutral,0.5491
Just wasn't clear that those were stuffed crabs or something.,negative,0.5055
Just something about it wasn't so clear.,negative,0.5518
"Here, again, for all you continuity fans, you can watch the knives and forks jump around on the sides of the plate.",neutral,0.5499
"And one scene they're there, one scene they're not.",neutral,0.7085
"You got a napkin, you got no napkin.",neutral,0.5474
"I don't know how we let all that through, but we did.",neutral,0.6023
This is one of my favorite scenes where she walks into the tight.,positive,0.9825
Mark Henn animated it.,neutral,0.8646
"Just the staging of it and the layout, Dave Dunnet is our head of layout, I don't know if that was Dave's layout, but it's one of my favorite scenes.",positive,0.9768
We always called this the Cinderella scene.,neutral,0.8151
She's coming out in her magic dress and everything.,neutral,0.6936
"Let me help you, my dear.",neutral,0.5834
There we go.,neutral,0.5761
That's better.,positive,0.77
"See, now, she had a napkin in that last scene and no napkin now.",neutral,0.6768
"No plate, either.",neutral,0.637
"Grimsby is Ben Wright, who is a great character actor.",positive,0.9457
And we cast him.,neutral,0.8051
"We loved what he did in the reading, we cast him based on that, not realizing that he was actually the voice of Roger in 101 Dalmatians, and that he also did a voice in Jungle Book.",positive,0.9205
But we didn't know that when we cast him.,neutral,0.6688
Yeah.,neutral,0.5491
"Carlotta's voice is Edie McClurg, who's a great comic actress who's done a lot of work in film and television, and was on Pee-wee's Playhouse and various things, but a wonderful comedian.",positive,0.9645
I know we tested a fair amount of actors for Louis.,neutral,0.83
"And there again, whenever Howard's done the demo, you feel like you got to find somebody that is at least where Howard is at and hopefully can bring something more to it.",positive,0.6583
And that's not easy.,negative,0.6916
"I knew René Auberjonois more as a dramatic actor, and I didn't know him so much doing comedy, but when he came in and read for the part and did this song, he really brought a lot of comedy to it.",positive,0.815
"Of course, in different countries, they dub Louis differently.",neutral,0.6985
"So, in France, I think he becomes an Italian chef.",neutral,0.8973
-Is that right?,neutral,0.7914
Yeah.,neutral,0.5491
That's right.,neutral,0.569
It's always somebody else.,neutral,0.4826
"You look at Chef Louis and you go, ""Would we get away with a song in an animated now"" ""in which basically one of our characters"" ""is literally describing how you're going to kill?"" -Right.",neutral,0.4909
They're tight.,neutral,0.6566
"And all the imagery, knives and axes and all that.",negative,0.5793
We loved it.,positive,0.9209
And we did it as was constructed.,neutral,0.7753
"But now, I think they would give us a hard time.",negative,0.706
"Well, because people overthink things.",negative,0.8109
Les Poissons is a very slight song.,neutral,0.6639
It's very French musical.,neutral,0.5568
It's very deliberately in that style.,neutral,0.821
And it's mostly a comedy song.,neutral,0.7121
"And this song as a song is a fairly compact, short song, which really completes itself with the chase sequence at the end.",positive,0.8382
"Originally, this was a longer thing, too.",neutral,0.8504
"Howard had a whole, ""Class, do this and class, do this."" It was just a little too long, so we had to tighten it up a bit.",negative,0.4869
Gary Trousdale story-boarded it.,neutral,0.8527
"Don Martin, Mad Magazine sort of drawing.",neutral,0.8557
"Like many other sequences, I remember it was a lot of trial and error for the chase, for the music we used and the length of it.",neutral,0.7143
"And it also had the demo love aspect in that I really did not want to use the cancan, Offenbach...",negative,0.8421
I really wanted to use...,positive,0.5839
And for whatever reason...,negative,0.5442
Did we give you a hard time about that?,neutral,0.6091
I don't remember.,neutral,0.635
"I just finally said, you know what, somehow the cancan, it really worked better for all of us.",positive,0.9221
"And I just went, ""Okay."" And I think I may have played with it, and in the end we said, ""You know what,"" ""we're trying to reinvent the wheel.",neutral,0.7054
"Let's just go with the wheel."" And the association of the original cancan, which everyone knew, was so strong.",neutral,0.5018
It was a question in a Disney film how far you can go.,neutral,0.7873
And I think Howard found which was right.,neutral,0.5402
"Had he gone a little further than this, it might've been too far, but I think it really works well.",positive,0.7781
-Cruelty can be very funny.,positive,0.4532
Yes.,positive,0.461
"And his sense of humor, of course, was...",neutral,0.6672
He loved to beat up his characters and just make merciless fun of them.,negative,0.5949
Howard was so smart and had such a tough sensibility.,positive,0.924
-He was caustic.,negative,0.6252
"Caustic, I think, is the word.",neutral,0.6035
Alan did something on this movie that we haven't done in any other movie.,neutral,0.5163
"And he actually wrote, in effect, the silent film score, where he on a solo piano recorded a bunch of themes that we then put against the action.",neutral,0.8895
"Again, many of which Alan recorded without having seen the action.",neutral,0.7214
There were ideas of sketches of tones and things like that.,neutral,0.8871
And we fitted to that in cases.,neutral,0.7585
"Occasionally, it seems to me, he did it live.",neutral,0.871
"That is, you're just watching the picture and doing music, reacting to the picture and...",neutral,0.7959
"There were times where we got so used to Alan's solo piano underscore that even when we heard the whole orchestra, there were a few spots where I missed the solo piano, and I actually said to the orchestra a little bit, I wasn't sure, ""What if we just left those in as solo piano?"" I was thinking specifically of the scene where Ariel is brushing her hair, and she's out on the balcony at night and there was a beautiful theme.",neutral,0.5408
"It still is, the music that's there, but it was just the solo piano that had a wistfulness or something, so we got used to those things.",neutral,0.7893
"-Well, it's called demo love.",neutral,0.6136
"Yeah, right.",neutral,0.5468
"Yes, we've had a lot of that, unfortunately.",negative,0.6933
"It's very tough when you get very used to things that are temporary, but they're there for maybe three years before they get replaced.",negative,0.6069
And this was another scene that Howard rewrote our dialogue on.,neutral,0.8288
-Is that right?,neutral,0.7914
Yeah.,neutral,0.5491
"""Just pucker up your lips."" These are Howard's dialogue.",neutral,0.6131
"We talked about her bedroom, the design of it.",neutral,0.8514
"Howard mentioned, ""I think it should be very Laura Ashley."" And so, that was one of the things we were going for when we designed her bedroom.",neutral,0.7779
And the lighting on this was really nice.,positive,0.986
"There again, we had to pick our spots, but this has a nice -warm feeling to it.",positive,0.9007
"""You are hopeless, child."" And Duncan Marjoribanks did the pucker up scene.",negative,0.8
That's a beautiful scene of Sebastian.,positive,0.9719
"John directed that sequence, but the little bedroom scene is one of my favorite scenes in the movie.",positive,0.9758
"You are hopeless, child.",negative,0.9668
You know that?,neutral,0.7199
Disney had gotten away from those kinds of lyrical scores that go along with the visuals and accent the visuals.,neutral,0.6888
"You really brought that back, I think, which was good and we wanted that.",positive,0.9537
"I think people think just because something is retro, going back to the '30s and '40s, that the reference will mean nothing because our audience are kids.",negative,0.6825
And they don't realize how much in the subconscious of our culture can be accessed by artists.,neutral,0.6535
It's not just whatever is contemporary.,neutral,0.7807
There's a lot that's timeless in this.,neutral,0.4947
"We wanted to keep the King alive and the story of the lonely King, where's his daughter at, 'cause the father-daughter story was so strong.",positive,0.5098
"Occasionally in these films, I get to write standalone pieces of music.",neutral,0.8664
The Tour of the Kingdom is one of them.,neutral,0.8673
"Yeah, I love what Alan did on this.",positive,0.9835
"Again, we had a piano track version of this that we were animating to, originally.",neutral,0.9108
That was a very simple thing.,neutral,0.5879
"You don't often get to, as a composer, write a continuous piece of music that lasts more than about 15 seconds.",neutral,0.6255
And I loved that Penny Lane horn in there.,positive,0.9601
-That was neat.,positive,0.9467
"That was very cool, I thought.",positive,0.9856
"Brenda Chapman story-boarded this sequence, and we struggled with this goofy puppet show, trying to make it read and yet be quick and funny.",neutral,0.5082
-Probably a little too quick.,negative,0.5897
"Yeah, too quick, probably.",neutral,0.5505
Here are some thoughts from an earlier interview with myself and Howard Ashman.,neutral,0.9402
"When I had been offered the opportunity to write the underscore for the entire picture, I was looking for, ""How do you do this?"" And there's nobody around who does this anymore, really, this kind of underscore.",neutral,0.488
"In a sense, you're choreographing like you would a ballet.",neutral,0.8052
You're choreographing the movie.,neutral,0.7119
"Therefore, you're pulling from traditions that haven't been putted from in years, in terms of underscore.",neutral,0.6568
"In the old days, a lot of the music was written first before they animated a thing.",neutral,0.7864
Just even the background music was written first.,neutral,0.8389
"And in some ways, we've gone back to some parts of that old tradition in deciding the songs as the story itself is getting developed.",neutral,0.9073
So there are lots of places where they have animated right to the music.,neutral,0.7666
If there's a little...,neutral,0.8089
They've animated to that.,neutral,0.7798
That...,neutral,0.7123
was in the little demo recording that we made.,neutral,0.8512
And it's been there for three years.,neutral,0.5554
And finally it becomes a little dance step.,neutral,0.7492
It's amazing to see.,positive,0.9672
Now we come up to Kiss the Girl.,neutral,0.8379
"If there was gonna be a single, it was gonna be Kiss the Girl.",neutral,0.8447
But that never really developed.,negative,0.5876
"When we wrote our original treatment, we had a little sequence, and Howard said, ""I think there could be a serenade."" And so that evolved into this, Kiss the Girl.",neutral,0.8049
"And the stakes in that song, they really help give a dramatic tension to this.",neutral,0.5561
And it has a plot point.,neutral,0.7767
"We could never get Howard to just say, ""I'm going to write a song for the pop market,"" until Beauty and the Beast.",neutral,0.6041
We basically took the rock riff...,neutral,0.892
"Which is the standard riff you'd think of, in terms of Phil Spector or Billy Joel, and just turned it on its ear in a little bit of a Caribbean way with a...",neutral,0.7706
"And just built up through all the animals into the various sounds, into a full arrangement.",neutral,0.8202
Those reeds that are coming up are reused from The Old Mill.,neutral,0.9256
The old 1937 Silly Symphony.,neutral,0.7741
We try not to steal things from other movies too often.,neutral,0.7333
Unless they're great.,neutral,0.6375
We all steal what we have to.,negative,0.497
"I actually did a little corrected animation on that one scene of Ariel, just sort of looking over.",neutral,0.732
"Somebody adjusted the timing, so one of the few scenes I quasi had something to do with animating in the movie.",neutral,0.7559
"It's strange, but I did.",neutral,0.631
Howard Ashman again.,neutral,0.8017
"Kiss the Girl has a little bit of a Caribbean or maybe even a little Latin feeling to it, and I'm a doo-wop person, so it's got just a little bit of...",neutral,0.7685
Thrown in there for spice and for fun.,neutral,0.6449
Sing with me now.,neutral,0.7925
"It's a good time to talk about the voice of Jodi Benson, which we hear as the voice of Ariel and then it becomes the entire emotional impetus for Eric.",positive,0.7903
Jodi is somebody who had worked with Howard in Smile.,neutral,0.9116
And I had known Jodi for years in New York.,neutral,0.8863
"Very talented actress, singer, dancer, the whole deal.",positive,0.9223
"We had auditions here in L.A., we had auditions in New York that Howard supervised.",neutral,0.8668
"And we heard her audition, not having been there, present at the audition, but she did such a great job.",positive,0.9576
"In most of the auditions, people would come in and sing Over the Rainbow or something like that.",neutral,0.8888
"And then on call backs, I think they did Part of Your World.",neutral,0.8906
"But I think Jodi was very comfortable with doing those slips between speaking some lines, singing some lines.",positive,0.5149
"There's a very real quality in Jodi's voice and she has the classic Menken voice, which I really like, someone who can give you a good Broadway belt but then mix into a soprano.",positive,0.9301
One of the things we did totally differently than any other picture was we went directly from our demos and we had all of the vocal performances done to synthesizers.,neutral,0.7254
And then we wiped away the synth tracks and recorded orchestral parts -to replace them.,neutral,0.6543
Which was the wrong way to do it.,negative,0.801
"Occasionally, we got into some trouble on that.",negative,0.5664
"'Cause the mistake that we made was, we animated to those tracks.",negative,0.6504
"Unfortunately then, those tracks all had to be replaced at the end, and they had to hit all these musical accents.",negative,0.7523
"So it made a nightmare for the musicians at the end of the line, trying to hit these on-stage musical hits that we had animated to.",negative,0.5935
It was a slight nightmare when we were recording.,neutral,0.5978
But they were great synth tracks.,positive,0.8868
And it gave the studio the comfort to move forward with the project without having to spend a fortune up front.,positive,0.628
"Disney animation is always done in the warm-cool thing here, where you play off warm things against cool.",positive,0.5424
So the little fireflies against the blue background.,neutral,0.7444
I just like that play of color.,positive,0.9086
And it's our homage to Pirates of the Caribbean or something.,neutral,0.6355
-Really?,neutral,0.6854
Yeah.,neutral,0.5491
"We had originally written a longer scene between the Prince and Ariel, hadn't we, at the end of that, that we wound up doing away with...",neutral,0.7847
There was a whole scene that was gone.,neutral,0.6708
"Where the Prince talked about his conflict, of he likes her, but there's this other girl that he's heard her voice, and rubbing it in a little bit, it was a Hans Christian Andersen-y scene.",neutral,0.6953
"But we certainly had to cut things down a lot, in terms of the story, it got simpler as it went along and essentially, that didn't seem like it was necessary, that you got the Prince's conflict without him having to articulate it.",neutral,0.6881
So we took that whole scene out before we ever animated it.,neutral,0.6158
This idea coming up wasn't in the Andersen fairytale.,neutral,0.537
"The Prince was getting married to another girl, but it wasn't the witch.",neutral,0.7805
"The witch was more prominent in our thing, in the idea of the witch actually using her voice and transforming into something to thwart Ariel from winning the Prince's heart.",neutral,0.8441
That was an idea that we added to the Hans Christian Andersen fairytale.,neutral,0.7605
Also one of the things that surprised me in our early screenings was that scene when the Prince looks in the window and you see Ariel combing her hair with a fork.,positive,0.7341
"It got a strong reaction, and it's something that you'd almost take for granted as you're working on the movie, and the fact that people really responded seemed to indicate like they were getting something here, they were really into that.",positive,0.8321
Howard again.,neutral,0.5652
It's just amazing the way the animators enrich and bring to life and cause something inanimate to act.,positive,0.9558
It's like having the greatest actors in the world performing your material.,positive,0.8112
And it's just what we had in mind.,neutral,0.7839
"And it is what we conceived, in terms of tone and in terms of content.",neutral,0.862
"There's just something about the Disney fairytale cartoons, going all the way back to Snow White and then to Pinocchio.",positive,0.857
I grew up on Pinocchio and Peter Pan.,neutral,0.6761
"And the idea of doing one of those, it's like there's all these library books on the shelf.",neutral,0.5829
"There's Snow White and there's Sleeping Beauty and there's Cinderella, there's Peter Pan, there's Pinocchio, and to try to make something that fits comfortably on the shelf with those, what a difficult thing to do, but what a great thing to try to do.",positive,0.657
"It's a humbling experience, I'll tell you.",positive,0.8966
But to try to do something that could actually be comfortable in that line of titles is pretty amazing.,positive,0.9091
I think it does give you latitude to work in all kinds of musical styles and just to dream.,positive,0.6293
"And this is one of early CGI, computer-animated steps, was still the infancy of computer animation, but we used it.",neutral,0.6497
"It generated a 2D drawing that then was painted, but the actual stairs were built in the computer and then painted by hand based on the drawings generated from that.",neutral,0.8953
"Congratulations, my dear.",positive,0.9689
"Patty Disney, the wife of Roy Disney, I remember her talking after the preview.",neutral,0.7848
Where this scene coming up is one of Patty Disney's favorite scenes.,positive,0.8818
"Where she's hearing the news, and she does this little thing with her hands, and she's just kind of disturbed, and she always singled this out -as one of her favorite scenes.",neutral,0.5299
That's Mark Henn.,neutral,0.8534
"And Renee Holt, I think, did the cleanup on this.",neutral,0.8859
"The cleanup on the movie Vera Lanpher supervised, and the cleanup staff did a great job.",positive,0.969
"Yeah, and the cleanup animation is...",neutral,0.6549
The animators actually work rough and there are other artists that clean up their work.,neutral,0.6797
They take the scribbler drawings and make them tighter and more precise for painting later.,neutral,0.7743
"In this case, we used black Xerox for the characters, but we wanted a delicacy to it, so people actually used a mechanical pencil to give a very fine line, which almost gave an ink look, in the sense that the lines were thin enough, they would pick up some of the color around it.",neutral,0.7544
And it gave a delicacy to it.,neutral,0.6367
It was hard to do.,negative,0.6082
But they did a great job on the cleanup.,positive,0.9014
"Roy Disney's involvement in the film, certainly Roy had a nautical background, he was a yachtsman, he loved the sea, so there were various points in terms of terminology, he changed some of our dialogue to reflect the truer nauticalisms.",positive,0.5673
"I think he changed something we had to ""a following sea."" I still don't know what a following sea is, but we used that line based on Roy's suggestion.",neutral,0.7615
"I think Jodi enjoyed also playing this sort of villainous character when Ursula has gained Jodi's voice, so to speak.",positive,0.5346
She was sick of being sweet.,negative,0.664
Gave her a little angle to play with.,neutral,0.8148
The sea witch!,neutral,0.5839
"Oh, no!",negative,0.6841
She's gonna...,neutral,0.869
I gotta...,neutral,0.7244
"We first started to record the actors in 1987, and some of the recording continued till 1989.",neutral,0.9076
"So it was about a two-year period from beginning to end, in terms of recording sessions.",neutral,0.9224
We actually recorded the entire movie.,neutral,0.8108
"Everybody was out for a week where we recorded all the dialogue in the script, all the songs in terms of that week, and we started since we had all the actors, we did a reading of the entire script with the songs, everybody singing the songs and the actors doing their dialogue.",neutral,0.8541
"And it was pretty exciting, except that when it was over, it turned out that nobody had pressed record.",positive,0.8805
We hadn't recorded the entire reading.,neutral,0.6934
And we actually then went back and did it again.,neutral,0.8026
We did the second take of the entire film.,neutral,0.8903
I guess I blocked all of this out.,neutral,0.5173
"You were there, Alan, but it's okay not to remember it.",neutral,0.6321
"It was a horrifying thing for us, we felt responsible and we were.",negative,0.7183
"I think we were probably the ones who should have told someone to press record, but...",neutral,0.6764
"It's like nobody said action, so they didn't roll the film and they blew up the fort.",negative,0.7869
"But at the same time, after it's going for an hour, it seemed like maybe someone might have wondered whether or not it was supposed to be recorded, but it didn't happen.",neutral,0.5754
'Cause we had had table readings before that that affected the writing of the script and the casting of the characters a little bit.,neutral,0.6868
"But at that point, I think we got a sense of the actors playing off of each other more so than anything.",neutral,0.8296
We were happy 'cause we usually hear the actors in isolation and don't hear them as much together in the same room.,positive,0.785
"And we got a good sense of Ken Mars really feeling like he could be her father, and the difference in voice quality between the crab and Ken and all that.",neutral,0.6085
"I think it came to life in the room, but I don't think that we really rewrote much based on that reading.",neutral,0.7698
"No, I don't think we did a lot of rewriting.",neutral,0.713
"I know we were a little concerned at the time, because we may have been a little over-rehearsed at this point, which is the difference between Broadway and movies.",negative,0.4854
"In animation, normally, we don't rehearse a lot.",neutral,0.7354
"The actor comes in kind of familiar, but there's a freshness to that.",neutral,0.5358
"As they're just doing the dialogue spontaneously, that we realized that the actors had learned this like a stage play.",neutral,0.6985
"But there's a certain slight sense of losing spontaneity that way, so that they almost had to work in the recording to try to get the spontaneity back.",neutral,0.5088
"Usually, the way we did the recording of the actors, Ron would be out in the recording studio with the actor helping prompt them and give them specific on-site direction.",neutral,0.9224
I would be in the recording booth trying to hear it more the way an animator would hear it.,neutral,0.7704
"I didn't almost look at the actor, and I would just listen to the tracks and try and just listen to the vocal performance.",neutral,0.7924
"And Ron was doing that with Buddy, and Buddy didn't like having somebody breathing down his neck.",negative,0.5503
"So, he did mention to Ron, ""I'd like to do this again.",neutral,0.5003
"Alone."" And I slumped out.",neutral,0.579
"We did a little sound trick on her voice there when it's this disembodied voice, we made it sound a little bit more ethereal, and then as it comes back into her throat, then we dissolved off that effect to give it more of Jodi's natural voice.",neutral,0.8257
"In our first script, our first treatment even, it's very easy to write that she has the most beautiful singing voice anyone has ever heard.",positive,0.978
And now comes the point...,neutral,0.6581
"Now, you've gotta find somebody who can live up to that.",neutral,0.7137
But I think Jodi was the girl.,neutral,0.8074
"One thing I do remember is throughout the whole process, dreading the post-production in which we were going to have to thread that voice through, and orchestrate around it and somehow make it work.",neutral,0.5375
It's very complicated.,negative,0.5139
I know that the earlier scene where Ariel loses her voice and it goes into the shell works beautifully.,positive,0.7886
"And it seemed like it might be problematic, but you really have the sense that she's singing, and yet suddenly, the voice is now in the shell and it's not in her anymore.",neutral,0.4927
"And through the mixing and through the performance, everything, -that just really sold the idea.",neutral,0.5324
Disney has great sound people.,positive,0.9583
Great mixers.,positive,0.8787
Mel Metcalfe was the music mixer on this.,neutral,0.9183
Terry Porter was the head mixer and Mel did the music mix.,neutral,0.9002
Terry Porter did all the dialogue mixing and made all the different recordings -to match perfectly with the rich vocals.,neutral,0.5852
Fantastic guys.,positive,0.8513
"...binding and completely unbreakable, even for you.",positive,0.5895
"I remember we had big meetings, long meetings, all about hair, just about hair and how to handle hair.",neutral,0.797
"Underwater, things need to move.",neutral,0.7884
"So, it made it a more complicated movie, in that we wanted the hair generally not to be at rest, just to keep alive the feeling that you are underwater.",neutral,0.7068
"It added a lot of complexity, because the hair had to move at all times in the underwater sequences.",neutral,0.492
"Whereas in normal animation, characters go into holes, they rest.",neutral,0.6746
"That gives the animator a rest, too.",neutral,0.7423
"But in this case, there was a lot of extra work that the audience isn't really conscious of.",negative,0.5066
But it adds a lot to the underwater scenes.,positive,0.7235
"We had a great story crew on this film, all the storyboard artists, Ed Gombert, who also did the Under the Sea sequence, and Roger Alters, who was a director on The Lion King, Gary Trousdale, who was a director on Beauty and the Beast.",positive,0.9716
We just had a fantastic storyboard crew.,positive,0.9756
"Chuck Campbell, who did the sound effects on Roger Rabbit, his team, Lou Edemann and Rick Franklin particularly did a lot of the specific cutting for the film.",neutral,0.8865
"They were the team that really helped create the sound for the movie, trying to get a unique underwater sound and a fuller effects track than had ever been done on an animated film to that point that we had been involved with, certainly.",positive,0.6675
And they had to really try a lot of things to get variety in the underwater ambience.,neutral,0.8072
And there was a lot of work done with that.,neutral,0.7801
"One thing I felt was good on Mermaid that we didn't have to deal with was we didn't have to really deal with comparisons, in the sense that nothing like this had been done before at all, really.",positive,0.6064
And certainly nothing had been done like this for years.,negative,0.6054
"So, it was like, ""This is a real musical!"" ""This is fresh.",positive,0.7254
"These songs are so great and they tell the story."" But then, say, like when Beauty and the Beast is done, you're now comparing music you're hearing for the first time with Mermaid, which is music that's become a part of you.",positive,0.9131
"So, I've always noticed on the reviews that when the next film comes out, there were early reviews of Beauty and the Beast that would say, ""Well, this score is good, but it's not Mermaid."" And then Aladdin would come out and it would say, ""This score is good,"" ""but it's not Beauty and the Beast."" How can you compare something that you're just hearing for the first time?",neutral,0.4652
"We had a different version of this earlier where the witch didn't grow huge, and Ariel stepped in the way of her bolt at the Prince and there was a whole different scenario here.",neutral,0.731
"And our boss, Jeffrey Katzenberg, felt like it wasn't a big enough climax.",negative,0.7014
"And at the time, the movie Die Hard had come out.",neutral,0.8934
"And he's like, ""Guys, I want more Die Hard."" ""How do we get Die Hard into The Little Mermaid?"" So, we wound up with this giant witch, which wasn't in the earlier draft, and tried to make her more of a formidable obstacle, 'cause she didn't seem formidable enough in the earlier version.",neutral,0.5125
"Also, I think it was always intended that she would be killed, which is tricky.",negative,0.5528
"But by transforming her into this monstrous giant, maybe that made it more acceptable to do her in.",neutral,0.5228
Although she still is done in in a fairly violent way.,negative,0.6061
"These were all long sequences, and it was...",neutral,0.7582
You're just pulling the music out of you.,negative,0.5026
"""Okay, another 20 bars."" Are we done yet?",neutral,0.8639
Another 20 bars of Sturm und Drang.,neutral,0.8707
"Every time I see the end of this movie, the general feeling that I get inside is exhaustion, I remember.",neutral,0.4923
It was my first score.,neutral,0.7454
And I had come through about two-thirds of the way just fine.,positive,0.74
I get to the last third and it's...,neutral,0.7219
Or last quarter...,neutral,0.8594
And it's nonstop wall-to-wall action-adventure hits.,neutral,0.6657
And this was actually in slightly pre-computer days.,neutral,0.7654
"So, it helps that you have, nowadays, in terms of synching cues and all that you didn't quite have then.",positive,0.5703
"Well, it was a transitional time.",neutral,0.6666
It was getting into MIDI stuff and all of that.,neutral,0.8329
"Right, we were just getting into it.",neutral,0.8105
"I was, I think, one of the first people to work exclusively in MIDI.",neutral,0.5958
"And it was an amazing help, because in the beginning of doing the score, I would write the score with the click track, and set up my measures and write the music.",positive,0.9248
"And then I said, ""I want to see how it sounds."" So then, I play it into my computer in MIDI and play it back.",neutral,0.7859
"And at some point in the way, I said, ""Duh!",neutral,0.6104
"Why don't I just write it right onto the computer"" ""and avoid this second step?"" The mermaid on the rock was in the identical pose with the mermaid in Copenhagen.",neutral,0.6461
That was our homage to the iconic statue there in Copenhagen of Hans Christian Andersen's The Little Mermaid.,positive,0.6749
"And in terms of Howard's writing contributions, this one may be the biggest of all.",positive,0.8033
This scene was originally played more pantomime.,neutral,0.8475
"The same idea, but without words.",neutral,0.7155
"And then Howard, as we were going through it, I think, feeling that, ""There should be some spoken words here to put this over."" And Howard wrote this little scene with the King and the crab.",neutral,0.8177
And the great thing he did is that he put it in subtext.,positive,0.9213
"Obviously, the King is saying, ""I'm going to change her into a human."" But without ever saying that, he just says, ""There's one problem left.",negative,0.4806
"How much I'm going to miss her."" And that says everything.",neutral,0.4317
And that was Howard Ashman's line.,neutral,0.8288
"I remember talking to Howard, when we were down in Florida when the film was done, and there was, I think, a parade or something where they played music from Mermaid in this parade.",neutral,0.7455
"I remember Howard crying because he thought, ""This movie is going to last beyond me."" And I think that was his first feeling that this actually might move into the culture, move into something, that was going to go beyond his own life.",neutral,0.5339
"And so much of Mermaid is Howard, I think, obviously.",neutral,0.6448
"-He got teary about that, huh?",neutral,0.6187
Yeah.,neutral,0.5491
But I think it was because he knew his days were numbered.,neutral,0.515
-And that's for Howard.,neutral,0.8017
He was so vulnerable.,negative,0.6654
A man who was so tough.,neutral,0.6059
He could just tear you out of the room.,negative,0.6393
"You come in, you go, ""isn't this great?"" And Howard would go, ""Well."" We did want to wrap up all the characters here.",neutral,0.6399
-Wedding bells and Louis.,neutral,0.8729
So we brought Louis back.,neutral,0.6789
"Again, Jeffrey felt like the crab needed to give Louis his comeuppance.",neutral,0.7851
"And so, we story-boarded this rather late in the process and animated it.",neutral,0.7749
We had an earlier idea where Louis and the crab become friends.,neutral,0.8253
"And shout, ""Friends, schmiends!"" I still wince slightly at this ""yes"" moment coming up on the crab, but...",neutral,0.4952
Teeth coming out.,neutral,0.7179
"And to give Jeffrey his props, he wanted to add the line, ""I love you, Daddy."" Originally, we didn't have that in that scene.",neutral,0.5572
We just had an over-the-shoulder shot.,neutral,0.8455
"""And he was like,"" Well, you can put that over the shot 'just to cement the..."" And so, here, the first Disney chorus probably for quite a few years.",neutral,0.719
"At first, Howard wasn't so sure about using a Disney chorus.",neutral,0.597
"And he was like, ""Is that too old-fashioned?"" But eventually, I think he thought, ""No.",neutral,0.672
"That actually aligns the movie"" ""with these great Disney classics."" We had to reflect back to the classic Disney score.",positive,0.8984
"Snow White and Pinocchio and all those things, and this was a chance to do it.",neutral,0.7489
"This particular shot right here is actually the first CAPS shot, which is Computer Animated Production System.",neutral,0.8668
"Yeah, rather than using cels in that shot, all the characters were painted in the computer, and that ship was all composited in the computer.",neutral,0.7271
"Then that process later went on to be used completely from The Rescuers Down Under to Beauty and the Beast, Aladdin, The Lion King.",neutral,0.5239
But that was its first test run.,neutral,0.8013
It didn't work particularly.,negative,0.8882
We had a lot of problems with it just in that one scene.,negative,0.8736
"Every aspect of this production, you could say we definitely tested the waters -with The Little Mermaid.",neutral,0.5699
-Right.,neutral,0.6232
We were trying things that hadn't been done in a long time.,neutral,0.6373
And we didn't know how to do it necessarily.,neutral,0.5107
"It was a stretch for all of us, I think.",neutral,0.5521
That was fun for us to challenge ourselves.,positive,0.9308
But this established a new mold mandatory for every animated film after.,neutral,0.8271
"It established the idea of an ""I Want"" song, which was not a formula idea within this, but...",neutral,0.8469
And it made the Disney choir okay again.,positive,0.8872
And definitely break into song was okay again.,positive,0.895
And our attempt in all this was we wanted to make a film that reflected our sensibilities.,neutral,0.7923
"And it wasn't a film that you just found like it came from 1940, and you open the vault and there it was.",neutral,0.7156
"And I think it's a testament to the people, Howard and Alan and all of the artists, everyone involved in it, that they tried to put something of their own lives and their point of view into it.",neutral,0.5791
"So, they brought themselves into the movie.",neutral,0.7517
"And that spirit, I think, is what helped make it the success that it became.",positive,0.7185
It was also the film that kind of re-established the idea that animated films could be watched and enjoyed by adults and young people even without children.,positive,0.9017
It's hugely hip among theater audiences.,positive,0.8194
It became a date movie.,neutral,0.7667
"I don't know that anyone expected that, it wasn't made with that in mind.",negative,0.6271
"But it was a film for audiences of all ages, and it lived up to that.",positive,0.8685
"I think that it works on different levels, so that a little kid watching it can watch it in a certain way.",neutral,0.5402
"And an older person can watch it from a completely different perspective, but definitely get something out of it that's meaningful.",positive,0.7276
That's what Sebastian's there for.,neutral,0.7206
"A whole generation of kids are now interested in going into musical theater, going into film, going into animation because of The Little Mermaid.",positive,0.9263
And swimming.,neutral,0.6947
Swimming became popular.,positive,0.7462
Sometimes I feel guilty.,negative,0.7777
I hope that they can all make a living.,positive,0.7019
Yeah.,neutral,0.5491
I think the music is central to the movie's longevity.,positive,0.7336
"And just the freshness of it, and the emotion that Alan and Howard got into this music.",positive,0.6408
"And the relatability of the father-daughter story, as well as the characters and the fantasy, and the entertainment values of it.",neutral,0.6443
"I think musicals had sort of become out of fashion to some degree in film, and that this reminded people that there's something really wonderful when it's all mixed together -in a way that works.",positive,0.9117
Yeah.,neutral,0.5491
"We were sort of regarded as heroes for making this movie, in a way, in that the movie musical was dead and buried -and eulogized and gone.",neutral,0.598
Right.,neutral,0.5665
It's still hard.,negative,0.538
"Right now, it's hard to get the movie musical back on its feet again.",negative,0.6231
But every generation has something that at least keeps the flame alive.,neutral,0.5309
And it's interesting how beloved this is.,positive,0.9254
It trumps all the other projects.,neutral,0.5664
It was the one that everyone attached to emotionally.,neutral,0.7083
"And when you think back, -how young and innocent we were.",positive,0.4864
"Innocent is the word, I'd really say.",neutral,0.5624
"More so, at the time, I think, we were sort of, ""Gee, this is kind of edgy for a Disney movie."" ""This has some things that's never been done,"" ""and Louis the chef and those things."" But you look at it again, and this is so sweet and so innocent.",positive,0.8429
"But not even just the film, I think the atmosphere in which it was made, there was an atmosphere of ""We're behind the eight ball, gotta get the movie done."" It's usually, ""Go faster, you're behind schedule."" And yet, we didn't have the weight of Lion King and Beauty and the Beast, and all those other things, it was like, we wanted to do a fairytale, we had the weight of Disney fairytales behind us.",neutral,0.5226
"We'd all like to do something that lives up to that legacy, and that was imposing, but there wasn't cynicism about, ""We have to repeat this, or we have to avoid this."" It was just do what we felt seemed right for it.",neutral,0.61
"And you just went with your gut, and I think it was very innocent that way.",positive,0.5184
And everybody was young.,neutral,0.6394
"So this is John Musker, thanking you for joining us on this little trip down memory lane, and hope you enjoyed The Little Mermaid as much as we enjoyed making it.",positive,0.9809
"And this is Ron Clements, thanking you for listening to this and watching all this.",positive,0.9133
And hoping that you learned a little more about the making of this film that's certainly very special to me and to all of us who worked on it.,positive,0.9777
"This is Alan Menken, and I want to tell you what a pleasure it's been for me to share this time with my collaborators here, and sharing memories about The Little Mermaid.",positive,0.9852
